subject_key,split,site,network,predicted_voxels,dice,h95_mm,avd_percent,lesion_recall,lesion_f1
training_Amsterdam_GE3T_101,training,Amsterdam,unet_loso_amsterdam_aug.pt,745,0.7006134969325153,18.92281797343309,15.819209039548024,0.68,0.7631874298540966
training_Amsterdam_GE3T_102,training,Amsterdam,unet_loso_amsterdam_aug.pt,1005,0.6934046345811051,9.546147734842783,18.886198547215496,0.6,0.6990291262135923
training_Amsterdam_GE3T_104,training,Amsterdam,unet_loso_amsterdam_aug.pt,8909,0.8813933236574746,1.2000000476837158,6.683465322774178,0.8313253012048193,0.8457863902658855
training_Amsterdam_GE3T_105,training,Amsterdam,unet_loso_amsterdam_aug.pt,3728,0.8530085959885387,3.0,14.637146371463713,0.8181818181818182,0.8042049934296978
training_Amsterdam_GE3T_106,training,Amsterdam,unet_loso_amsterdam_aug.pt,749,0.8024844720496894,3.23109890198999,13.008130081300814,0.6875,0.6355555555555555
training_Amsterdam_GE3T_109,training,Amsterdam,unet_loso_amsterdam_aug.pt,440,0.6659919028340081,30.766055042544536,19.708029197080293,0.62,0.7404285212504391
training_Amsterdam_GE3T_110,training,Amsterdam,unet_loso_amsterdam_aug.pt,945,0.7916219119226637,3.5082839137973094,3.0534351145038165,0.8604651162790697,0.8635547576301615
training_Amsterdam_GE3T_112,training,Amsterdam,unet_loso_amsterdam_aug.pt,1644,0.8171846435100548,2.1567059282459136,0.3663003663003663,0.7894736842105263,0.8087291399229782
training_Amsterdam_GE3T_113,training,Amsterdam,unet_loso_amsterdam_aug.pt,7686,0.8703440432186522,3.0,18.176178660049626,0.9146341463414634,0.8521282007800576
training_Amsterdam_GE3T_114,training,Amsterdam,unet_loso_amsterdam_aug.pt,6003,0.8118518518518518,4.831534781537559,25.14071294559099,0.9487179487179487,0.852094500694858
training_Amsterdam_GE3T_115,training,Amsterdam,unet_loso_amsterdam_aug.pt,1225,0.7707182320441989,3.23109890198999,29.3558606124604,0.7428571428571429,0.7131428571428571
training_Amsterdam_GE3T_116,training,Amsterdam,unet_loso_amsterdam_aug.pt,978,0.6235072281583909,14.97874753861725,59.54323001631321,0.6,0.5714285714285713
training_Amsterdam_GE3T_126,training,Amsterdam,unet_loso_amsterdam_aug.pt,6675,0.8015086395930182,3.23109890198999,41.239949217096914,0.9148936170212766,0.7168476888103056
training_Amsterdam_GE3T_132,training,Amsterdam,unet_loso_amsterdam_aug.pt,12612,0.8862481494818549,1.5471740876482512,1.8657620547613278,0.7142857142857143,0.6858407079646017
training_Amsterdam_GE3T_137,training,Amsterdam,unet_loso_amsterdam_aug.pt,2926,0.786783497626871,3.23109890198999,14.655172413793101,0.8289473684210527,0.8418072698448646
training_Amsterdam_GE3T_144,training,Amsterdam,unet_loso_amsterdam_aug.pt,830,0.6415868673050615,18.62900968465728,31.329113924050635,0.6829268292682927,0.7239736901791789
training_Singapore_Singapore_50,training,Singapore,unet_loso_singapore_aug.pt,6717,0.8541693938997251,2.8284271246513173,21.53953977339096,0.7142857142857143,0.7478890229191797
training_Singapore_Singapore_51,training,Singapore,unet_loso_singapore_aug.pt,7173,0.8638234193789749,3.6055512746532785,19.106699751861044,0.7272727272727273,0.8089887640449438
training_Singapore_Singapore_52,training,Singapore,unet_loso_singapore_aug.pt,1384,0.8271767810026385,12.206553729990654,16.019417475728158,0.7,0.7593880389429762
training_Singapore_Singapore_53,training,Singapore,unet_loso_singapore_aug.pt,302,0.5505124450951684,41.23589272406528,20.73490813648294,0.6086956521739131,0.6645569620253164
training_Singapore_Singapore_54,training,Singapore,unet_loso_singapore_aug.pt,215,0.7100840336134453,22.934627770711533,18.3206106870229,0.7222222222222222,0.6842105263157895
training_Singapore_Singapore_55,training,Singapore,unet_loso_singapore_aug.pt,855,0.7582417582417582,8.54400374531753,11.398963730569948,0.42424242424242425,0.5490196078431373
training_Singapore_Singapore_57,training,Singapore,unet_loso_singapore_aug.pt,3471,0.7803695150115473,3.6055512821254867,33.10849874735016,0.575,0.6487439400617011
training_Singapore_Singapore_58,training,Singapore,unet_loso_singapore_aug.pt,363,0.6865342163355408,14.18328044033661,33.14917127071823,0.6818181818181818,0.7054455445544554
training_Singapore_Singapore_59,training,Singapore,unet_loso_singapore_aug.pt,4940,0.8768974453905961,3.000001192092895,15.757162346521145,0.6190476190476191,0.7436440677966102
training_Singapore_Singapore_60,training,Singapore,unet_loso_singapore_aug.pt,5937,0.8873056002451544,3.1622778916175394,16.697093104900997,0.6756756756756757,0.724309642372114
training_Singapore_Singapore_61,training,Singapore,unet_loso_singapore_aug.pt,3157,0.7748220307231173,3.999999999999993,34.90721649484536,0.475,0.6309587573647563
training_Singapore_Singapore_62,training,Singapore,unet_loso_singapore_aug.pt,17478,0.908721574420936,2.2360679772516656,14.586186656231655,0.7195121951219512,0.81474175035868
training_Singapore_Singapore_64,training,Singapore,unet_loso_singapore_aug.pt,4083,0.80855569673867,4.242640845813861,26.141384388807072,0.6904761904761905,0.7741702741702742
training_Singapore_Singapore_65,training,Singapore,unet_loso_singapore_aug.pt,6337,0.824315297261189,3.1622778863521,26.305320735952264,0.6707317073170732,0.7639731010913903
training_Singapore_Singapore_66,training,Singapore,unet_loso_singapore_aug.pt,2753,0.7748924172725924,3.1622776601683795,30.9332664325138,0.75,0.8014440433212997
training_Singapore_Singapore_68,training,Singapore,unet_loso_singapore_aug.pt,10164,0.8677400547158811,3.0000033378601123,17.834967320261438,0.65,0.7210440456769983
training_Utrecht_Utrecht_0,training,Utrecht,unet_loso_utrecht_aug.pt,11706,0.8245167853509664,3.1493488984255493,23.969013442697655,0.9,0.668918918918919
training_Utrecht_Utrecht_11,training,Utrecht,unet_loso_utrecht_aug.pt,1408,0.6786850477200423,24.148985242620384,10.961968680089486,0.7894736842105263,0.6297709923664122
training_Utrecht_Utrecht_17,training,Utrecht,unet_loso_utrecht_aug.pt,1458,0.7692307692307692,4.914414312739555,14.622641509433961,0.8529411764705882,0.643104643104643
training_Utrecht_Utrecht_2,training,Utrecht,unet_loso_utrecht_aug.pt,11333,0.8709899965505347,1.916666626930242,4.43544986929758,0.8571428571428571,0.8032955715756952
training_Utrecht_Utrecht_21,training,Utrecht,unet_loso_utrecht_aug.pt,12279,0.7895774647887324,4.867695760308197,36.115729963418694,0.991304347826087,0.6825658447980087
training_Utrecht_Utrecht_23,training,Utrecht,unet_loso_utrecht_aug.pt,1240,0.37531806615776087,18.094387662235214,273.49397590361446,0.9523809523809523,0.32120925838450637
training_Utrecht_Utrecht_25,training,Utrecht,unet_loso_utrecht_aug.pt,11071,0.8492523649679585,3.560001539155304,24.888482214342904,0.8947368421052632,0.5396825396825397
training_Utrecht_Utrecht_29,training,Utrecht,unet_loso_utrecht_aug.pt,19016,0.8655829500328543,3.291930747239578,17.653276955602536,0.8024691358024691,0.6190936825656671
training_Utrecht_Utrecht_31,training,Utrecht,unet_loso_utrecht_aug.pt,27140,0.9082977860989403,1.9166666269302368,10.016620049454781,0.9326923076923077,0.7195585308485617
training_Utrecht_Utrecht_35,training,Utrecht,unet_loso_utrecht_aug.pt,1403,0.7568901686548746,11.187971568057245,36.47859922178988,0.8,0.5436893203883495
training_Utrecht_Utrecht_37,training,Utrecht,unet_loso_utrecht_aug.pt,27548,0.9053792498995727,1.3552879691763193,1.212432948783893,0.8985507246376812,0.8327115355917026
training_Utrecht_Utrecht_39,training,Utrecht,unet_loso_utrecht_aug.pt,16938,0.9251319359551566,1.3552879694264168,2.029998192879947,0.8545454545454545,0.7830696735106024
training_Utrecht_Utrecht_4,training,Utrecht,unet_loso_utrecht_aug.pt,13184,0.8324102564102565,3.0305160247281226,15.899025686448184,0.8709677419354839,0.6242774566473989
training_Utrecht_Utrecht_41,training,Utrecht,unet_loso_utrecht_aug.pt,12854,0.9086940705711167,0.9583333134651398,6.829961544892159,0.8666666666666667,0.7222222222222222
training_Utrecht_Utrecht_49,training,Utrecht,unet_loso_utrecht_aug.pt,9623,0.8535838480303108,2.999999761581419,0.21775197013687267,0.8407079646017699,0.7077548256010836
training_Utrecht_Utrecht_8,training,Utrecht,unet_loso_utrecht_aug.pt,786,0.5960960960960962,26.05596215425401,43.956043956043956,0.864406779661017,0.5903829029385574
training_Amsterdam_GE3T_100,training,Amsterdam,unet_loso_amsterdam_aug.pt,1517,0.771887306876704,4.488544481542487,14.966367713004484,0.7171717171717171,0.7923188405797102
training_Amsterdam_GE3T_103,training,Amsterdam,unet_loso_amsterdam_aug.pt,7241,0.8702379214713181,2.929799973964691,12.072434607645874,0.7619047619047619,0.7678110003691399
training_Amsterdam_GE3T_107,training,Amsterdam,unet_loso_amsterdam_aug.pt,2436,0.7968375658840441,15.509938628371632,35.15492957746479,0.8571428571428571,0.7228915662650602
training_Amsterdam_GE3T_108,training,Amsterdam,unet_loso_amsterdam_aug.pt,450,0.7940503432494279,7.882630343235892,1.8475750577367205,0.8947368421052632,0.7827338129496403
training_Singapore_Singapore_56,training,Singapore,unet_loso_singapore_aug.pt,4962,0.8810437452033768,1.414213562373089,9.154155986818015,0.84375,0.7066272688898269
training_Singapore_Singapore_63,training,Singapore,unet_loso_singapore_aug.pt,10978,0.8860991238394141,2.2360679774740793,8.233720638635795,0.6538461538461539,0.6601941747572816
training_Singapore_Singapore_67,training,Singapore,unet_loso_singapore_aug.pt,6111,0.6621287128712872,8.062257997955209,48.68913857677903,0.6216216216216216,0.7429340511440108
training_Singapore_Singapore_69,training,Singapore,unet_loso_singapore_aug.pt,4575,0.8457263319279418,2.828427126460317,21.941648182903943,0.671875,0.7674540682414698
training_Utrecht_Utrecht_19,training,Utrecht,unet_loso_utrecht_aug.pt,9183,0.8271687962340283,3.291933834024038,6.719184430027804,0.8701298701298701,0.7282608695652173
training_Utrecht_Utrecht_27,training,Utrecht,unet_loso_utrecht_aug.pt,1138,0.4055363321799308,15.652128215055146,270.6840390879479,1.0,0.34285714285714286
training_Utrecht_Utrecht_33,training,Utrecht,unet_loso_utrecht_aug.pt,1842,0.7470983506414173,7.105829087269902,28.631284916201118,0.8666666666666667,0.6753246753246753
training_Utrecht_Utrecht_6,training,Utrecht,unet_loso_utrecht_aug.pt,664,0.5474006116207951,26.201147022319496,3.1055900621118013,0.7391304347826086,0.5220293724966623
