subject_key,site,method,runtime_s,ssim,cnr_before,cnr_after,n_lesions,retention_mean,retention_median,lesions_below_half_retention,fraction_below_half_retention,small_lesion_threshold,retention_small,n_small_lesions,small_lesions_below_half,retention_2_to_3vox,retention_4_to_5vox,retention_6_to_10vox,retention_11_to_20vox,retention_21_to_50vox,retention_over_50vox,retention_1_to_1vox
training_Amsterdam_GE3T_101,Amsterdam,curvature_anisotropic_diffusion,1.6951205730438232,0.9748483815382808,8.009521161251353,8.04670855648087,25,0.8206097181328548,0.8354870592157618,1,0.04,10,0.7302698731406365,13,1,0.6724008571347205,0.8923090446789407,0.8286412736289545,0.8819214958884527,0.9505447484593671,0.920722644908273,
training_Amsterdam_GE3T_102,Amsterdam,curvature_anisotropic_diffusion,1.5397441387176514,0.9817507218899899,5.686623164469864,5.409421363805153,114,0.7480778638064781,0.8411726025325172,15,0.13157894736842105,10,0.6752428363590267,78,14,0.5790619510918779,0.7627307348850807,0.8666981954041091,0.8923232000840858,0.9153882240567346,0.9628297824959379,0.5318278059015858
training_Amsterdam_GE3T_104,Amsterdam,curvature_anisotropic_diffusion,1.651402235031128,0.9800501790313286,8.6996135008537,9.407812428607865,83,0.7903587789916398,0.8635011719193842,8,0.0963855421686747,10,0.7149278865423477,54,8,0.6770372169169022,0.7885292939893744,0.7842146525185013,0.8911353891408171,0.9471503621781734,0.9601028152021023,0.4906805816179576
training_Amsterdam_GE3T_105,Amsterdam,curvature_anisotropic_diffusion,1.706254243850708,0.9824294924070506,8.592424737176474,9.138489712928294,44,0.8241210246541608,0.8699363460760012,2,0.045454545454545456,10,0.7413153949026021,25,2,0.6893404947767331,0.8237533607935268,0.8013752822829192,0.90718772132337,0.9385920771315984,0.9741580669299401,
training_Amsterdam_GE3T_106,Amsterdam,curvature_anisotropic_diffusion,1.752955436706543,0.9810893407378262,9.630003682568953,9.692660556858092,16,0.8759085169825231,0.9226125525923226,1,0.0625,10,0.8190059939142355,10,1,0.4006358891682913,0.9160124806516479,0.9023637012179896,0.940100097617898,0.9745939865288384,0.9783960873008134,0.7296146810072391
training_Amsterdam_GE3T_109,Amsterdam,curvature_anisotropic_diffusion,1.7057952880859375,0.9772718739014853,5.264223387886005,4.7949888994548635,50,0.7118530257683533,0.7944333525251108,7,0.14,10,0.6448003001330272,37,7,0.5574772727745373,0.7637696915592567,0.9038668698943495,0.8735994323181545,0.9301295663547297,0.893132811888251,0.476917249748519
training_Amsterdam_GE3T_110,Amsterdam,curvature_anisotropic_diffusion,2.0224545001983643,0.9789214445692033,9.130193017958744,8.9883073304878,43,0.8371980946609766,0.9127556813740875,4,0.09302325581395349,10,0.7689494829136541,27,4,0.7058384982233683,0.8648305848515673,0.9117062584466782,0.9233451960837794,0.9567728600325645,0.9827893110175661,0.6283654780057306
training_Amsterdam_GE3T_112,Amsterdam,curvature_anisotropic_diffusion,1.750990390777588,0.983113385464009,6.610060904492846,6.791353598690764,76,0.7773597857031183,0.8323952482854431,8,0.10526315789473684,10,0.7150528788784893,55,8,0.6211530551492762,0.7900197247231935,0.8754845448801651,0.9215933093013824,0.940015673637439,0.9725706523198436,0.4440130983858151
training_Amsterdam_GE3T_113,Amsterdam,curvature_anisotropic_diffusion,1.6082661151885986,0.9798141800066047,8.524891968818112,9.255297119534974,82,0.8244855988876664,0.86889187333515,4,0.04878048780487805,10,0.775225052832683,57,4,0.7667756844787769,0.8367128616481297,0.889790904403242,0.9140739183507752,0.9462541369056667,0.9658574833703099,0.5222912634549794
training_Amsterdam_GE3T_114,Amsterdam,curvature_anisotropic_diffusion,1.7417857646942139,0.980252887236198,7.7032272532358315,8.660701901173908,78,0.8920638302471738,0.938543425754488,2,0.02564102564102564,10,0.8307764550503538,40,2,0.7776975886022762,0.8501675589449362,0.9049983213696899,0.9341467840564844,0.9464620329046783,0.97848918242904,0.6790142227829172
training_Amsterdam_GE3T_115,Amsterdam,curvature_anisotropic_diffusion,1.7633178234100342,0.9789077305726595,7.433540098095572,7.747569227688095,35,0.8216113577996786,0.8473262538346261,1,0.02857142857142857,10,0.762765308072923,24,1,0.706727365174848,0.7898697525891021,0.8803676278984234,0.9283452688778104,0.9812728295526021,0.9724709522888455,0.6871409835610901
training_Amsterdam_GE3T_116,Amsterdam,curvature_anisotropic_diffusion,1.618441104888916,0.9814534230651755,9.870486127593093,9.783314331753413,35,0.8607576107812892,0.9153616718130325,1,0.02857142857142857,10,0.8305208524908437,27,1,0.8086586001226228,0.9233402846016631,0.9278136724321892,0.960273260939953,0.9560836882033659,0.9808808290677813,0.4596295789673056
training_Amsterdam_GE3T_126,Amsterdam,curvature_anisotropic_diffusion,1.6762974262237549,0.9781497252800769,8.464633482035108,8.957702523113186,47,0.8011687892191973,0.8161840899539776,0,0.0,10,0.751535613642353,30,0,0.7605846950279488,0.7746047083523294,0.7610595378625781,0.8196054242313037,0.9011128646515255,0.9747804493711124,0.6632520294833307
training_Amsterdam_GE3T_132,Amsterdam,curvature_anisotropic_diffusion,1.9268410205841064,0.9829218846177062,12.703576168142146,14.555391232622046,49,0.7425886105976256,0.7992570396096089,9,0.1836734693877551,10,0.6605363920669168,34,9,0.6823246014200073,0.7650048160326693,0.6888992391167971,0.892176303806656,0.9458897866298198,0.9583975239298542,0.45582319367426577
training_Amsterdam_GE3T_137,Amsterdam,curvature_anisotropic_diffusion,1.802915334701538,0.9801255878007603,6.095774717368331,6.312511885837553,152,0.8143702784761467,0.8930450000973413,9,0.05921052631578947,10,0.7487315283520871,100,9,0.6574434447667277,0.6938593867434882,0.8843512094265465,0.9215500752147726,0.9608200207487876,0.9676838620603674,0.7533021344316855
training_Amsterdam_GE3T_144,Amsterdam,curvature_anisotropic_diffusion,1.9974896907806396,0.97816148492548,6.044075202816956,5.716577924918276,82,0.7792245716921132,0.8245213179609368,6,0.07317073170731707,10,0.7488205608642305,68,6,0.7230256776314791,0.820831104834242,0.8435814394097041,0.905361200798684,0.9700850407957873,0.9627319504019595,0.5724357505249712
training_Singapore_Singapore_50,Singapore,curvature_anisotropic_diffusion,1.981982707977295,0.9798806448171677,6.3482008252319195,7.226846296715162,70,0.7830415763330661,0.8035798765583841,3,0.04285714285714286,10,0.7189886862490902,45,3,0.7147752283068598,0.7463933824431965,0.7880114956007893,0.831290404807054,0.916118237857605,0.9495591207247254,0.5835551255267042
training_Singapore_Singapore_51,Singapore,curvature_anisotropic_diffusion,2.294689655303955,0.9831804201299978,5.952305343892863,7.257000125509797,76,0.7062033342917279,0.7355741721498558,9,0.11842105263157894,10,0.6454694152336103,52,9,0.54018008856062,0.6260301443438544,0.7295344711096919,0.7772689148155599,0.854378453441576,0.9294060961602301,0.572379729516265
training_Singapore_Singapore_52,Singapore,curvature_anisotropic_diffusion,2.3638415336608887,0.9817921861238854,5.345085279661273,5.76894131159875,50,0.6208473044413053,0.6445329906490085,13,0.26,10,0.5320584300415223,37,13,0.5037219008136634,0.5662914615553407,0.6430646740922459,0.8589923586939189,0.83531358521407,0.9359164874207282,0.4173083705161888
training_Singapore_Singapore_53,Singapore,curvature_anisotropic_diffusion,1.9707980155944824,0.9778218778870098,4.5527875639330615,4.530411871270447,46,0.6296549529390479,0.7098448784807059,11,0.2391304347826087,10,0.5384776815675484,34,11,0.5478533073456443,0.6211002541145632,0.7693065543163987,0.8841067382015395,0.8957581890718125,,0.19715051028823075
training_Singapore_Singapore_54,Singapore,curvature_anisotropic_diffusion,2.1862399578094482,0.9826164425551293,5.430756445425943,5.571374258089277,18,0.694288332392881,0.7341865182267491,5,0.2777777777777778,10,0.5654652550742312,11,5,0.4760627367595699,0.6347147581699315,0.7462550975533504,0.8738502748153006,0.9355055192687479,0.9230827793626821,0.44314965240219834
training_Singapore_Singapore_55,Singapore,curvature_anisotropic_diffusion,2.288888454437256,0.9817347593171195,6.493649244022363,7.199082809829362,33,0.574170699353327,0.6803613048616938,10,0.30303030303030304,10,0.4642083724638743,25,10,0.29617213828507144,0.4724429662881849,0.8094179154773049,0.8735962739327696,0.9035584645076724,0.9383345509379449,0.5022920573834548
training_Singapore_Singapore_57,Singapore,curvature_anisotropic_diffusion,2.16160249710083,0.9868625939436304,5.702222422848803,6.560261777788021,40,0.7371437913368892,0.7528580567672762,2,0.05,10,0.682502645758447,28,2,0.6086254540106498,0.7566762538247866,0.7186819227282003,0.8111232676124084,0.8718568464280806,0.9442112828215632,0.5971950838733956
training_Singapore_Singapore_58,Singapore,curvature_anisotropic_diffusion,2.5892813205718994,0.974126835201715,5.04662026941416,5.291615264253271,22,0.7186876709297273,0.7503270267247342,3,0.13636363636363635,10,0.5797429711665355,12,3,0.3440594425386271,0.6406819098221008,0.6829531007855844,0.8516589315646318,0.9216526936074377,0.915480183905051,0.4181171985952995
training_Singapore_Singapore_59,Singapore,curvature_anisotropic_diffusion,2.0535123348236084,0.9819198270911624,5.435302258545436,6.412666489281159,63,0.6131127633564913,0.6242669309851846,14,0.2222222222222222,10,0.5620244534223025,52,14,0.5277945629586979,0.6681587523390065,0.6586073369168108,0.8348797858688585,0.8301501183341622,0.8915333368716511,0.425157351385216
training_Singapore_Singapore_60,Singapore,curvature_anisotropic_diffusion,2.1672916412353516,0.9766700239796731,7.862579047220685,9.382918253286983,37,0.8046975478976514,0.8328490428418017,1,0.02702702702702703,10,0.7616792031131187,23,1,0.7156269424216779,0.7653337732100176,0.8066039844085982,0.824413651406035,0.8789270810364129,0.9452875757392597,0.5499442945460592
training_Singapore_Singapore_61,Singapore,curvature_anisotropic_diffusion,1.8928945064544678,0.9759884342261316,5.341517114384144,6.208918441871834,40,0.39925116200262795,0.638057831801135,14,0.35,10,0.30778526500790715,33,14,-0.08076633634986795,0.6476232015831425,0.7311715670510794,0.7460924360472205,0.8542914358492675,0.9068546636177516,0.24711396803409785
training_Singapore_Singapore_62,Singapore,curvature_anisotropic_diffusion,1.8571984767913818,0.9763868477654076,7.402512012857671,8.902727184948974,82,0.6021338923964781,0.6468447995572687,24,0.2926829268292683,10,0.503609869347662,57,24,0.4542859793207731,0.5346685376360389,0.6159166031426173,0.7560241831249825,0.8456228193553407,0.9517809448839722,0.29060303953269806
training_Singapore_Singapore_64,Singapore,curvature_anisotropic_diffusion,2.1925711631774902,0.9763261940722413,5.223238095649863,6.070871025170188,42,0.5273094318020617,0.48861541043297474,22,0.5238095238095238,10,0.41835619745024616,31,22,0.406343186992559,0.5198074214915469,0.5053723500516316,0.7296326015498548,0.781067816769811,0.9085964658660094,0.3160874808765531
training_Singapore_Singapore_65,Singapore,curvature_anisotropic_diffusion,1.9608747959136963,0.9768852161086703,5.5835588345697325,6.554900216316597,82,0.6052382600231909,0.6773069472296135,20,0.24390243902439024,10,0.536001728080645,60,19,0.49508257891778046,0.5347255505537967,0.7131640171179848,0.7614410598443088,0.8066745838949542,0.9069484969283641,0.33220271532061574
training_Singapore_Singapore_66,Singapore,curvature_anisotropic_diffusion,2.062452793121338,0.9728011111475822,5.598535482651991,6.170950773000938,80,0.6938682244923511,0.7497240652439543,15,0.1875,10,0.603879635743106,53,15,0.45763009955975364,0.6925430449013324,0.7245528326254761,0.8412942819551305,0.880552360465717,0.9203433078339065,0.5275741614312004
training_Singapore_Singapore_68,Singapore,curvature_anisotropic_diffusion,2.3287651538848877,0.9814993583597926,7.222843469762099,8.401194484593391,40,0.7078714787873783,0.7274821042810754,7,0.175,10,0.632415404287779,30,7,0.6288356659940548,0.5790955677502545,0.7110807833055443,0.9464947611418083,0.9211542698681681,0.9739111863213893,0.588358045599338
training_Utrecht_Utrecht_0,Utrecht,curvature_anisotropic_diffusion,2.1535401344299316,0.9815745545684779,10.193609794992803,11.18068871596175,80,0.8019399231640888,0.8425242454849247,4,0.05,10,0.7398784427949603,50,4,0.7362829062511563,0.7824861178110815,0.8278425444214427,0.8838304767908808,0.9061861734759447,0.9382602026639051,0.5844942051278432
training_Utrecht_Utrecht_11,Utrecht,curvature_anisotropic_diffusion,2.191643238067627,0.9801014504470674,6.329107116577362,6.6032241220594745,57,0.7802809369959757,0.8219937090331736,5,0.08771929824561403,10,0.7194663457812875,39,5,0.6359819853087418,0.6499700253041077,0.8416990385458955,0.9100479477555694,0.9025017200735131,0.924698334442148,0.6859737759389087
training_Utrecht_Utrecht_17,Utrecht,curvature_anisotropic_diffusion,2.172130823135376,0.9818083681178007,7.077365165897596,7.42042267532079,34,0.8041267467739365,0.867425960387832,3,0.08823529411764706,10,0.7301954881805873,20,3,0.7923865351463639,0.679883273815833,0.8701924281241759,0.884838859636706,0.9082849317425318,0.9234097315132194,0.6077598415726262
training_Utrecht_Utrecht_2,Utrecht,curvature_anisotropic_diffusion,2.528186798095703,0.9880443308584047,9.583087071762655,10.216755079620503,134,0.6709636442751398,0.8369227707694438,19,0.1417910447761194,10,0.5296701623442127,85,19,0.5093704047435003,0.6720259915981089,0.5482964223445398,0.9041051867052106,0.8989965644204754,0.9734343320086868,0.2590011111267822
training_Utrecht_Utrecht_21,Utrecht,curvature_anisotropic_diffusion,2.208101511001587,0.9786821178031494,8.642762724852423,9.479323942075633,115,0.7708851404722145,0.8147128434264974,10,0.08695652173913043,10,0.696796724509873,72,10,0.6493292889966723,0.7214287356299278,0.7346250274347437,0.8626870661028636,0.8994075412466456,0.9384801469613211,0.6574145773342424
training_Utrecht_Utrecht_23,Utrecht,curvature_anisotropic_diffusion,2.1414856910705566,0.9800714269530277,7.204625894276791,7.284743475867415,21,0.7797003741167452,0.7858139026682109,1,0.047619047619047616,10,0.7163340042635574,13,1,0.6740549594242164,0.8149246576408731,0.902909054748845,0.8348113065080156,0.9315484013726134,0.9295118861240557,0.5461966249253899
training_Utrecht_Utrecht_25,Utrecht,curvature_anisotropic_diffusion,2.2683284282684326,0.985012990958203,9.611606924273946,10.445383219643247,37,0.7167996283903482,0.809640487315113,8,0.21621621621621623,10,0.688892499807619,25,7,0.7834996610947256,0.5709586961607163,0.6921272295222483,0.5690896895932378,0.8533691382055686,0.9734294731673782,0.6539163638337776
training_Utrecht_Utrecht_29,Utrecht,curvature_anisotropic_diffusion,2.4715399742126465,0.9846473701290834,8.98307609667934,9.522520024874037,81,0.755673499836386,0.8039544442386013,5,0.06172839506172839,10,0.6864835080186887,55,5,0.6368008881981779,0.7126882601444392,0.8005680577206312,0.8859074412624155,0.9060682075314836,0.9383331450619833,0.5844848052491349
training_Utrecht_Utrecht_31,Utrecht,curvature_anisotropic_diffusion,2.615679979324341,0.985545029459462,9.903836236486105,11.28952300348614,104,0.7121376030741402,0.7837525345660217,17,0.16346153846153846,10,0.6107305751805361,68,17,0.5680435215396725,0.6098340337563793,0.6713049883726113,0.8658252206114386,0.9022104155835817,0.966966671457689,0.4998874926516254
training_Utrecht_Utrecht_35,Utrecht,curvature_anisotropic_diffusion,2.4421470165252686,0.985748304223306,8.868577098136775,9.813579017068932,45,0.789410143345215,0.8414119724468585,3,0.06666666666666667,10,0.7356690026631914,34,3,0.6880999604151816,0.7644320316224735,0.7926076489837286,0.9523187144540645,0.9347257723484914,0.9787127818075008,0.7070729865630925
training_Utrecht_Utrecht_37,Utrecht,curvature_anisotropic_diffusion,2.0300536155700684,0.9836012852773006,10.102183715452394,11.222645158072806,137,0.7220846283495725,0.7972768499120502,21,0.15328467153284672,10,0.6415646724120271,96,20,0.587417723847254,0.6934154132474132,0.7589245393148204,0.8603937166232886,0.9132767936016586,0.9703003893803582,0.3646401434763584
training_Utrecht_Utrecht_39,Utrecht,curvature_anisotropic_diffusion,2.080378293991089,0.9849230478768033,12.384959802227094,14.105417145556942,109,0.7153118604985491,0.7502684723401333,15,0.13761467889908258,10,0.6503758757464237,81,15,0.5690905035683124,0.6155954793123651,0.7951627321521911,0.8615512713090185,0.9277076736770112,0.9852960825800489,0.5813879757542011
training_Utrecht_Utrecht_4,Utrecht,curvature_anisotropic_diffusion,2.0969810485839844,0.9817969418173794,10.086731269709235,10.94786442665652,62,0.7379368758756231,0.7885440371641741,7,0.11290322580645161,10,0.6711843105190323,43,7,0.5657486215587056,0.8116171772574813,0.7001506098992824,0.8402053960207652,0.9134956729507554,0.9620845875197064,0.5933802260641644
training_Utrecht_Utrecht_41,Utrecht,curvature_anisotropic_diffusion,1.9715561866760254,0.9812098166376286,10.312379250760996,11.698936784300201,75,0.7441864442619182,0.7989740761837815,7,0.09333333333333334,10,0.674785405652779,54,7,0.6433094215830353,0.6135711110038525,0.7944524659573982,0.8868795542806517,0.9395936288774052,0.9791042553237667,0.6298241030095298
training_Utrecht_Utrecht_49,Utrecht,curvature_anisotropic_diffusion,2.3054468631744385,0.9875303828407497,8.893680181650886,9.977866153705587,113,0.7151747228965234,0.8366117286430528,9,0.07964601769911504,10,0.6533291639478802,85,9,0.6808616022843776,0.7372156673813405,0.5909614863074124,0.893529867300643,0.8930214714339332,0.931454216822483,0.49096234114199205
training_Utrecht_Utrecht_8,Utrecht,curvature_anisotropic_diffusion,2.163264751434326,0.9851400009092218,5.3567230066310865,5.115319390902691,59,0.5270001369553099,0.7993970284231937,14,0.23728813559322035,10,0.42093661233065044,46,14,0.24670060084499185,0.1192215594925855,0.8100858872157732,0.8847081568946673,0.9246851858944539,0.9391015501563327,0.6476360744492602
training_Amsterdam_GE3T_101,Amsterdam,gaussian,0.11919450759887695,0.9311344016954507,8.009521161251353,5.681470726189628,25,0.6433032119725351,0.6934492165394593,4,0.16,10,0.6068583059610135,13,3,0.55477713201304,0.6575108868525241,0.7905710078353831,0.6923232532318839,0.5467456191938967,0.7460359507571431,
training_Amsterdam_GE3T_102,Amsterdam,gaussian,0.12050056457519531,0.9292330151860266,5.686623164469864,3.534984763357106,114,0.5466285464331511,0.59657640992798,33,0.2894736842105263,10,0.481551704526469,78,32,0.3890653031797018,0.5915365021968244,0.6076933498333542,0.675959786453784,0.7087244550963864,0.6849241212095186,0.3920726324880194
training_Amsterdam_GE3T_104,Amsterdam,gaussian,0.12080836296081543,0.9400596330858274,8.6996135008537,7.181433532898898,83,0.6236718277632413,0.6643443590986524,16,0.1927710843373494,10,0.5472436302819653,54,16,0.5829877907035185,0.5790004540439998,0.5586097165715609,0.6922277978608403,0.7602025919995017,0.8434256135142865,0.3349377740237167
training_Amsterdam_GE3T_105,Amsterdam,gaussian,0.12010049819946289,0.9429053416803449,8.592424737176474,6.543815331431712,44,0.6347554717800458,0.6883790324278716,8,0.18181818181818182,10,0.5418596177588373,25,8,0.4855995706042646,0.651319427066758,0.525970734186449,0.7281888632024671,0.7474282527282796,0.8183818563774958,
training_Amsterdam_GE3T_106,Amsterdam,gaussian,0.12074494361877441,0.9276754345088709,9.630003682568953,6.696365213259831,16,0.6654927737750554,0.7248975830010829,2,0.125,10,0.6227880000442669,10,2,0.5034121638978317,0.44672523083598265,0.6971363916529058,0.6809390755248387,0.7431845874114327,0.7508987098701718,0.5474621278957096
training_Amsterdam_GE3T_109,Amsterdam,gaussian,0.12170839309692383,0.9344141540525691,5.264223387886005,3.2364669953698972,50,0.5226292275955384,0.5531360211163949,18,0.36,10,0.4875919966357033,37,15,0.36786943895186325,0.6171029806255721,0.6664736144162648,0.6743415634977086,0.5812408531543877,0.615702283920516,0.4313520589865754
training_Amsterdam_GE3T_110,Amsterdam,gaussian,0.18666291236877441,0.9369859403992796,9.130193017958744,6.498840455196066,43,0.6109581751850377,0.6242548346905622,9,0.20930232558139536,10,0.5492135114374437,27,8,0.5269521454046229,0.5913971875721661,0.6329027189973361,0.669111421497819,0.688769110380848,0.7967845286508977,0.4356652431854584
training_Amsterdam_GE3T_112,Amsterdam,gaussian,0.18043732643127441,0.9377055282247955,6.610060904492846,4.65130290165892,76,0.602455639823161,0.6488441576870988,17,0.2236842105263158,10,0.5551097657610955,55,17,0.49698843383740393,0.6022009244108959,0.6434809778427424,0.6846884942548686,0.7738960797232435,0.7565376947558463,0.406467751002346
training_Amsterdam_GE3T_113,Amsterdam,gaussian,0.18219995498657227,0.9376680266050931,8.524891968818112,7.344431564825959,82,0.6315625618930256,0.6334786991782846,14,0.17073170731707318,10,0.5795930165580899,57,14,0.5874222077473585,0.5893097599650453,0.6372238983476991,0.6976360133777192,0.7670367418172045,0.8235063416207385,0.47298376479978965
training_Amsterdam_GE3T_114,Amsterdam,gaussian,0.18517494201660156,0.9400659587775708,7.7032272532358315,6.746956304042325,78,0.6926774557471941,0.7312936152212878,7,0.08974358974358974,10,0.6100737569258292,40,7,0.5102684889524499,0.6564883146338478,0.671541953269051,0.7172272023876446,0.7575665827699157,0.8377297045911332,0.5586838258361243
training_Amsterdam_GE3T_115,Amsterdam,gaussian,0.19724798202514648,0.9347503556134279,7.433540098095572,5.718654947617756,35,0.632234033372186,0.6336226889084242,4,0.11428571428571428,10,0.5908277017990643,24,4,0.5435937075550599,0.5888447931288974,0.6637924405720115,0.707448603003145,0.6951755454830821,0.7710945386213113,0.592705939479812
training_Amsterdam_GE3T_116,Amsterdam,gaussian,0.18584418296813965,0.9341214173895455,9.870486127593093,6.876962209463613,35,0.6066304452068128,0.6612205976225706,6,0.17142857142857143,10,0.5589236066164057,27,6,0.5315893885638832,0.5904887470644825,0.7143364588200464,0.8795315904569462,0.7074851636427192,0.8620853974624754,0.20511172525295077
training_Amsterdam_GE3T_126,Amsterdam,gaussian,0.17880964279174805,0.9397138030821335,8.464633482035108,6.986806992011298,47,0.7169456253064748,0.7682690940618854,4,0.0851063829787234,10,0.6759751875761509,30,4,0.6950938717693003,0.6456387692443645,0.7145998070358127,0.7302666360725152,0.8264207084860616,0.8492989246802468,0.5920961395710135
training_Amsterdam_GE3T_132,Amsterdam,gaussian,0.18777823448181152,0.9423644809903201,12.703576168142146,11.621385466492743,49,0.5817224604187424,0.6141392452674959,15,0.30612244897959184,10,0.5077144963789699,34,15,0.5178414851604459,0.5424162014271373,0.5269706627495835,0.6629162833896681,0.7615208554881576,0.8437053122685529,0.42265553549847107
training_Amsterdam_GE3T_137,Amsterdam,gaussian,0.1851053237915039,0.9380154474316057,6.095774717368331,4.612479843609342,152,0.5958340964269574,0.6758716188060472,17,0.1118421052631579,10,0.5169956077962626,100,17,0.49474470743728804,0.2819788348873606,0.6816969934914301,0.7208111690142547,0.7618115028702179,0.8191019422969159,0.6400003996009165
training_Amsterdam_GE3T_144,Amsterdam,gaussian,0.18871831893920898,0.9293633303592763,6.044075202816956,3.8145014361246306,82,0.5434682199541915,0.6036193874808091,20,0.24390243902439024,10,0.511829850917193,68,18,0.5337327238782633,0.40368731693779647,0.6424523102560781,0.6581322470048498,0.8015570902711363,0.7445532567628849,0.4689262261117504
training_Singapore_Singapore_50,Singapore,gaussian,0.2004256248474121,0.9250155890107973,6.3482008252319195,5.562067436577554,70,0.6302477795736932,0.6470357553021533,12,0.17142857142857143,10,0.5546105166214166,45,12,0.5086140143513642,0.5925542426073994,0.6591583185587094,0.7075443682381445,0.7568108785412246,0.8473439415539116,0.4652128304439789
training_Singapore_Singapore_51,Singapore,gaussian,0.10716724395751953,0.928786702640071,5.952305343892863,5.449841766527678,76,0.5427513716013664,0.5657704028056552,24,0.3157894736842105,10,0.4731631256270487,52,22,0.40803155498756816,0.4401318043511209,0.5706284550090882,0.6731038507090074,0.6659247885586291,0.7631676385646399,0.3067659934964623
training_Singapore_Singapore_52,Singapore,gaussian,0.1250908374786377,0.9269943669700328,5.345085279661273,4.407108216586649,50,0.45140638565715496,0.5335792615017656,21,0.42,10,0.36226572012184616,37,20,0.32115193383748886,0.3520026417951511,0.3973727372432617,0.7209535755081291,0.661543954507728,0.743738390944571,0.43464682085098105
training_Singapore_Singapore_53,Singapore,gaussian,0.1371455192565918,0.9255693977101921,4.5527875639330615,3.1461596765354756,46,0.36784550942942135,0.3869255151701415,28,0.6086956521739131,10,0.2771316416924817,34,26,0.20495924774526875,0.350029539180997,0.5060614798002597,0.585929742431833,0.7027449191885845,,0.08861402465019423
training_Singapore_Singapore_54,Singapore,gaussian,0.12122464179992676,0.939314845261026,5.430756445425943,3.0554332214291726,18,0.5228595452528781,0.5629290558489698,6,0.3333333333333333,10,0.483202500360906,11,5,0.4643145174854057,0.47479502856523714,0.5427233613713374,0.5740736729010247,0.6531952484516146,0.573377185263062,0.4838231081045516
training_Singapore_Singapore_55,Singapore,gaussian,0.1190481185913086,0.9304449978735793,6.493649244022363,5.20476070794414,33,0.4455411444595694,0.5731333925205241,15,0.45454545454545453,10,0.3595566144278625,25,15,0.17865643861833397,0.32067885440095445,0.6330610661898963,0.6306559949013728,0.6674131614770479,0.7570434510378863,0.48391304173568866
training_Singapore_Singapore_57,Singapore,gaussian,0.11983513832092285,0.9379298760080715,5.702222422848803,5.303491202519762,40,0.6202495853896666,0.6461813789285944,9,0.225,10,0.5766182437533472,28,8,0.5365502410831007,0.6000913871816097,0.6392737603090869,0.7215723745319818,0.6128635020987007,0.8684522364794088,0.4802066161825742
training_Singapore_Singapore_58,Singapore,gaussian,0.1227426528930664,0.9204513306640141,5.04662026941416,3.7250390720111595,22,0.5207879945805359,0.5316780900592964,9,0.4090909090909091,10,0.46292417150749277,12,6,0.3823874678255377,0.49332174165400927,0.5254469487789037,0.4735683107121126,0.7534669445762421,0.6370017176962939,0.2861690333029653
training_Singapore_Singapore_59,Singapore,gaussian,0.12057352066040039,0.932964736852951,5.435302258545436,4.963951417028183,63,0.5234806789214889,0.5585569800007706,23,0.36507936507936506,10,0.4793357876805239,52,23,0.4806057809527025,0.5377670438868153,0.4684269990073179,0.6912856467474893,0.7284932605619274,0.785101764451314,0.41653352464705323
training_Singapore_Singapore_60,Singapore,gaussian,0.11988377571105957,0.9162157632619299,7.862579047220685,7.248784996676796,37,0.6045387257901039,0.635375511450998,7,0.1891891891891892,10,0.5443566871966916,23,6,0.4189317514904838,0.5086252682760507,0.6679203466535741,0.649952305022155,0.6619589520273923,0.7948290019000143,0.41486134357287097
training_Singapore_Singapore_61,Singapore,gaussian,0.13057732582092285,0.9189844736670669,5.341517114384144,5.038753915050595,40,0.3837848578428546,0.5948420185683556,16,0.4,10,0.3006688817396048,33,16,-0.06953664163200768,0.6253315749173748,0.6565974965783046,0.750015505874844,0.6800842641704578,0.8330634781707448,0.3241877512169844
training_Singapore_Singapore_62,Singapore,gaussian,0.12527847290039062,0.9241349902519135,7.402512012857671,7.128484661018302,82,0.46135635430996763,0.5071790161193745,40,0.4878048780487805,10,0.3944329214101216,57,35,0.3568734147172856,0.42360620132554466,0.4805920736670385,0.5167849572966473,0.618300274510185,0.8448479851154773,0.2201893093348267
training_Singapore_Singapore_64,Singapore,gaussian,0.13144683837890625,0.9207091621732502,5.223238095649863,5.112755158723332,42,0.491142231556416,0.46614520651899416,23,0.5476190476190477,10,0.3935302445355611,31,23,0.38408003664638785,0.49323164690444415,0.43267919763846363,0.7211693745871329,0.7134300401630753,0.8280433138729139,0.3187252183527461
training_Singapore_Singapore_65,Singapore,gaussian,0.13224220275878906,0.9268225892402976,5.5835588345697325,5.173580053529259,82,0.5030925716119137,0.5257242675057159,31,0.3780487804878049,10,0.4434614330833734,60,29,0.411161380373401,0.4879456800083368,0.5392051829416125,0.615722682876514,0.7406744707033242,0.7970103079792088,0.2849151630716932
training_Singapore_Singapore_66,Singapore,gaussian,0.1336820125579834,0.9223337430405862,5.598535482651991,5.034353085463154,80,0.5776115628372909,0.6198123970998133,23,0.2875,10,0.5037060891936086,53,23,0.39003946965614655,0.5832508941206401,0.6026603869269141,0.6689981245400796,0.7447380989050197,0.8111571375329686,0.4216449777420366
training_Singapore_Singapore_68,Singapore,gaussian,0.1320483684539795,0.9264901678375679,7.222843469762099,6.591781126355565,40,0.5531842632372616,0.601472933327182,15,0.375,10,0.48276105165467126,30,15,0.45296862579427416,0.4075664340088933,0.5702874737042727,0.6449664061738031,0.7505951179954133,0.872703373854314,0.507576092800192
training_Utrecht_Utrecht_0,Utrecht,gaussian,0.11930274963378906,0.9329911188593,10.193609794992803,8.558878026335872,80,0.6573081902056094,0.6928585990183841,11,0.1375,10,0.6154656413377749,50,10,0.6604736106207836,0.6353414921642524,0.6585555635169068,0.7335381458945711,0.747655780311655,0.7009165160949357,0.46073793676204594
training_Utrecht_Utrecht_11,Utrecht,gaussian,0.1170499324798584,0.929003565634999,6.329107116577362,4.120838505264131,57,0.5586316684528867,0.6028305495738973,19,0.3333333333333333,10,0.5183340063159924,39,17,0.44916692783033374,0.3947096825852882,0.6191533890769729,0.6243447589521582,0.7721350027892001,0.610695374662374,0.6107310899689635
training_Utrecht_Utrecht_17,Utrecht,gaussian,0.11546707153320312,0.9334266454005772,7.077365165897596,5.419986298522701,34,0.5852108829675093,0.6352814353505709,8,0.23529411764705882,10,0.5355581308713913,20,6,0.6536695137360329,0.45686783570277273,0.6294220515381493,0.5002677141709811,0.6864825524052149,0.708798583154746,0.48584328616149053
training_Utrecht_Utrecht_2,Utrecht,gaussian,0.11801886558532715,0.9474007770819692,9.583087071762655,7.630810729577484,134,0.4320594772378164,0.586119550051784,42,0.31343283582089554,10,0.29340842432540815,85,38,0.32238154939099156,0.4610852142386352,0.20034431293244867,0.6031673976887557,0.6668545719058265,0.8095294713787741,0.13745085900748935
training_Utrecht_Utrecht_21,Utrecht,gaussian,0.07461786270141602,0.9330403921478806,8.642762724852423,7.131382267316397,115,0.5760035608899599,0.6085100255575232,35,0.30434782608695654,10,0.4922266536676415,72,33,0.4381231035661796,0.4866767966859531,0.5386833796601328,0.654111186108092,0.7237536755481232,0.8014409421836605,0.5056833818877865
training_Utrecht_Utrecht_23,Utrecht,gaussian,0.07453036308288574,0.9262647853997412,7.204625894276791,3.9606964624571686,21,0.593446289754762,0.6101064409400607,5,0.23809523809523808,10,0.5653975929414142,13,5,0.5301812977579539,0.5929225180830807,0.7822567135854376,0.6742600699992634,0.653349901267223,0.5542316470400589,0.49419140440190973
training_Utrecht_Utrecht_25,Utrecht,gaussian,0.10287618637084961,0.9401312261464292,9.611606924273946,8.009516878463332,37,0.5188134765667766,0.5988178251639475,15,0.40540540540540543,10,0.47263609551277275,25,14,0.46762912340857854,0.42233212877821896,0.5148791466962254,0.3610831180277696,0.7223694871674763,0.8519180483775352,0.42734880436864014
training_Utrecht_Utrecht_29,Utrecht,gaussian,0.07948637008666992,0.9410525241647218,8.98307609667934,7.393593676394438,81,0.5616944991678475,0.6018871353716025,24,0.2962962962962963,10,0.4976253001685751,55,23,0.49078405512722867,0.5418281763475907,0.5355380455022354,0.6913792221822246,0.6709403903244309,0.8306152090947251,0.39491551705829697
training_Utrecht_Utrecht_31,Utrecht,gaussian,0.07398319244384766,0.9395036258935402,9.903836236486105,8.961691856289274,104,0.5005604698364294,0.5666025294497627,38,0.36538461538461536,10,0.3936672643398086,68,36,0.4118203755837781,0.3491816726316304,0.405641041822145,0.6059553505323754,0.710078300865871,0.8345709452056955,0.3894589851662362
training_Utrecht_Utrecht_35,Utrecht,gaussian,0.07765913009643555,0.9418144334122246,8.868577098136775,6.2600792498982605,45,0.5267865979048896,0.5792699051331367,16,0.35555555555555557,10,0.46877961905463716,34,16,0.48100742835670734,0.3393854610340353,0.5165333935427475,0.6820427059961114,0.7502927103903734,0.6798977245781346,0.5911817299206659
training_Utrecht_Utrecht_37,Utrecht,gaussian,0.077880859375,0.9324254279587803,10.102183715452394,8.404107603480757,137,0.5523173610498373,0.5975480734780145,39,0.2846715328467153,10,0.47974780705761494,96,37,0.4544422995617526,0.4844073680464197,0.5668884716467402,0.63184224218066,0.7345636761597135,0.8208469906125643,0.29846647031679807
training_Utrecht_Utrecht_39,Utrecht,gaussian,0.0778195858001709,0.937324196525383,12.384959802227094,10.835555514123657,109,0.4922157859970226,0.5403440953736888,44,0.4036697247706422,10,0.4271187883734006,81,42,0.3733122638824969,0.3599285830206225,0.5241754718679607,0.6409311616438095,0.6700426369879676,0.8940940234016274,0.46713521579825207
training_Utrecht_Utrecht_4,Utrecht,gaussian,0.07912945747375488,0.9305843301595974,10.086731269709235,8.864321386831392,62,0.6041996272768477,0.6502730088600218,11,0.1774193548387097,10,0.5563898482153286,43,11,0.48176556149136823,0.6436706936499218,0.5725823486231244,0.6197419179291026,0.8042395281948019,0.7831247468436712,0.5272452740199642
training_Utrecht_Utrecht_41,Utrecht,gaussian,0.07580447196960449,0.9340601296801939,10.312379250760996,9.3018515775548,75,0.5811092688242743,0.6226418732854981,17,0.22666666666666666,10,0.5322930467667141,54,17,0.5542637997182139,0.48359726763108046,0.5975044148341537,0.6714531482469661,0.6907576265954901,0.8598245542786298,0.4681491436278706
training_Utrecht_Utrecht_49,Utrecht,gaussian,0.07368254661560059,0.947487147420853,8.893680181650886,8.176769190581629,113,0.4600458007623653,0.6049537649426192,29,0.25663716814159293,10,0.38551114963043637,85,28,0.5032495403087207,0.47642281572873063,0.23708779006364117,0.6591950601137789,0.6737439374426636,0.7572695883609147,0.2848564066907583
training_Utrecht_Utrecht_8,Utrecht,gaussian,0.10561561584472656,0.9430216183639276,5.3567230066310865,3.3276441488884854,59,0.17137561506856785,0.5068105570972735,29,0.4915254237288136,10,0.06597342665262686,46,25,0.040666792961923284,-0.44039732482258553,0.527565046692032,0.4841950990946774,0.5918067304281817,0.7137013394913523,0.43008110005514155
training_Amsterdam_GE3T_101,Amsterdam,clahe,0.3942999839782715,0.8444043986997574,8.009521161251353,3.2780353019949753,25,2.9038827094299777,2.824497540583738,0,0.0,10,3.385498798595406,13,0,3.6709269934384725,2.7315731311035556,2.754997589293454,2.4727123126374777,2.2550125967375734,2.4004014376473375,
training_Amsterdam_GE3T_102,Amsterdam,clahe,0.5319466590881348,0.8704324307317223,5.686623164469864,3.518339784243851,114,3.295476311365013,2.980177374515385,0,0.0,10,3.503829241517135,78,0,3.92852890998934,3.386044201215859,2.938945797002118,2.8821148779075028,2.922511621603315,2.2636889206592072,3.418196389475013
training_Amsterdam_GE3T_104,Amsterdam,clahe,0.6267859935760498,0.8628843608321572,8.6996135008537,1.8813142844738742,83,3.431306509611224,2.893585607068075,0,0.0,10,3.8677994562736386,54,0,3.430522832796635,3.880355115885567,4.012931067760009,2.8166146550805675,2.5426957420382323,2.46869438716375,4.838287204161319
training_Amsterdam_GE3T_105,Amsterdam,clahe,0.641810417175293,0.8544773605030437,8.592424737176474,2.4977324668030922,44,3.180590419180919,2.934773857829418,0,0.0,10,3.559415453731346,25,0,3.676704639020559,3.209720873238977,4.078524886031719,3.094584145973797,2.6700409149808526,1.951826042401671,
training_Amsterdam_GE3T_106,Amsterdam,clahe,0.3743305206298828,0.8536351924928937,9.630003682568953,3.753098813091966,16,2.4554059016468157,2.1650867855095237,0,0.0,10,2.69482656837144,10,0,3.944961439068272,2.080391145856439,2.6220485358836254,2.4648127404183815,2.2514842869910217,1.7901491427447407,2.5953109417439686
training_Amsterdam_GE3T_109,Amsterdam,clahe,0.4017176628112793,0.8553602678542885,5.264223387886005,2.334513431710573,50,3.7434449995602193,3.341740531315756,0,0.0,10,4.0304704690188835,37,0,4.994918134953841,3.197969637906,2.6595629136401464,2.9576683710142255,2.7880396722817324,3.2641313677753656,4.132303483161481
training_Amsterdam_GE3T_110,Amsterdam,clahe,0.4074544906616211,0.8504984183664274,9.130193017958744,3.302131000815404,43,2.6713001391395155,2.55411944305399,0,0.0,10,3.0114332249635454,27,0,2.913675604410304,2.9694205503127207,3.1774521335493935,2.3715935464829165,2.138677924648597,1.726851601368589,3.3117206100983783
training_Amsterdam_GE3T_112,Amsterdam,clahe,0.5292658805847168,0.834941711476588,6.610060904492846,1.9437588814810804,76,3.9880762173748927,3.667041420479989,0,0.0,10,4.326278341555465,55,0,4.504802201817189,4.064445364342782,3.89006164611584,3.5466451834788857,2.950139252549935,2.4885559395671115,5.210282279028561
training_Amsterdam_GE3T_113,Amsterdam,clahe,0.3709523677825928,0.8591696621696553,8.524891968818112,2.102856653929316,82,3.263837753405794,3.1317125143589486,0,0.0,10,3.438019831902128,57,0,3.317453651908531,3.543623090469212,3.347094911622229,3.292285813086491,2.8853426092283008,2.061613423846005,3.567342437478683
training_Amsterdam_GE3T_114,Amsterdam,clahe,0.3583219051361084,0.8369111446835316,7.7032272532358315,1.7874893723892538,78,3.2452615262888336,2.964659390799507,0,0.0,10,3.6189633632434037,40,0,4.0386108958679205,3.747726755557332,3.4322500585924693,3.1743987207181346,3.248504166976467,2.418626342096788,3.0871999386501736
training_Amsterdam_GE3T_115,Amsterdam,clahe,0.5798001289367676,0.8561129825879802,7.433540098095572,2.581285060277889,35,3.0112821534899226,2.886137870748862,0,0.0,10,3.30987095269262,24,0,2.90311005112304,3.669724806879328,2.926351716829896,2.6392859202001424,2.01614714064843,2.0299875683422255,3.457062485730225
training_Amsterdam_GE3T_116,Amsterdam,clahe,0.3506906032562256,0.8407950038269292,9.870486127593093,3.7421203737078312,35,3.339131138496252,2.8661943126040903,0,0.0,10,3.612629537107103,27,0,3.750126902974511,3.421800206521823,3.11587253525556,2.2627053133290427,2.733586498141037,1.698977270721409,4.61749230805307
training_Amsterdam_GE3T_126,Amsterdam,clahe,0.4281585216522217,0.8242821093050344,8.464633482035108,2.218354843116743,47,3.6508771545697365,3.3951618024184356,0,0.0,10,3.955633128665683,30,0,3.321034607674777,4.046844805464832,4.291819580045375,3.7973948090249543,3.518648753646317,1.9978546119447567,3.716548202414668
training_Amsterdam_GE3T_132,Amsterdam,clahe,0.5729320049285889,0.8591927612012513,12.703576168142146,2.2240206015812802,49,3.2305804055039427,2.9455170342312655,0,0.0,10,3.54481438048998,34,0,3.4070216459345115,3.4976163692775577,3.770101036763682,2.911791874843255,2.5356364642229385,2.0322907654165165,3.719073907019444
training_Amsterdam_GE3T_137,Amsterdam,clahe,0.5225985050201416,0.8596993756212643,6.095774717368331,2.28656686498579,152,3.417990971459285,2.898008326053909,0,0.0,10,3.848302398314492,100,0,3.9159282109110247,5.21776372441939,3.042196456034708,2.802130385266391,2.4203153017989347,2.157053844617334,2.7692425017940674
training_Amsterdam_GE3T_144,Amsterdam,clahe,0.5636520385742188,0.857305932692723,6.044075202816956,2.6232735475483615,82,3.378956656033759,2.9646036670540665,0,0.0,10,3.5442954404428972,68,0,3.327938946948107,4.271134673159658,3.2112571572586415,2.8648118412165076,2.056448253187254,2.0553842557760453,3.3366162456506507
training_Singapore_Singapore_50,Singapore,clahe,0.4711112976074219,0.8202425802125758,6.3482008252319195,3.4818222095695464,70,4.516272739854911,4.409187059299619,0,0.0,10,4.840027185291585,45,0,4.735084751825746,4.8788109537546935,4.668076564417334,4.753501409076434,3.6843473398871716,3.3523405400341915,5.181936951429259
training_Singapore_Singapore_51,Singapore,clahe,0.5383303165435791,0.7475326314680152,5.952305343892863,2.883025544915189,76,7.77981448771073,7.347834835644553,0,0.0,10,8.335463893206336,52,0,9.219982240627035,9.152852254679964,7.8747245526161835,7.4296086297783575,6.60288155178097,4.979318804876195,6.632216388572764
training_Singapore_Singapore_52,Singapore,clahe,0.3405475616455078,0.7759485053759888,5.345085279661273,3.497609752319125,50,7.477773913409614,6.891513785939444,0,0.0,10,8.232910741615376,37,0,8.612760760311089,8.565443338907263,8.384895167407903,5.337849708964397,5.7513012955537315,4.790773229271407,6.651581885545473
training_Singapore_Singapore_53,Singapore,clahe,0.35142087936401367,0.8003569128762161,4.5527875639330615,3.801081268800411,46,5.444277124007291,5.106016838344715,0,0.0,10,5.848663527941946,34,0,6.227397143976559,5.968679655380812,5.203289306800797,4.129758982881443,4.6360289728144135,,5.707618833093629
training_Singapore_Singapore_54,Singapore,clahe,0.35947608947753906,0.7023097075898768,5.430756445425943,3.919541617477029,18,8.605924840931369,8.43416640946208,0,0.0,10,9.336095397578301,11,0,9.790065191889655,9.733677695022706,8.722441123295392,8.568299639222499,5.637477515666176,6.149460845423586,7.100808082254142
training_Singapore_Singapore_55,Singapore,clahe,0.3465464115142822,0.7535207418081191,6.493649244022363,3.115044380799385,33,7.526100501141755,6.340984794145793,0,0.0,10,8.564127259676479,25,0,10.432127770434926,8.683235444110318,7.102979869349021,4.62914556079634,3.7956132316228826,4.24084613851007,6.662434647675058
training_Singapore_Singapore_57,Singapore,clahe,0.33107614517211914,0.7563364100903183,5.702222422848803,2.5628515412805197,40,6.799973559149062,6.38822876877042,0,0.0,10,7.102166815577294,28,0,7.362186174889201,7.280628381749963,7.171607847156424,6.544631118377531,6.497184751772384,4.808792310273678,5.624694965438926
training_Singapore_Singapore_58,Singapore,clahe,0.3910105228424072,0.8121715786359357,5.04662026941416,3.2178308117943124,22,4.928840594827991,4.961897023885521,0,0.0,10,5.76438768804078,12,0,6.749680746835246,5.1989451800436735,5.969998426508484,3.972980025692258,3.9234673543966423,3.8132693190376212,7.34067764949617
training_Singapore_Singapore_59,Singapore,clahe,0.34264683723449707,0.8281977544466771,5.435302258545436,2.6543465106056066,63,5.971853109517609,5.595150633615159,0,0.0,10,6.244532514113105,52,0,6.437524803010103,5.913026163753961,6.722820330957559,5.066504330032711,4.580255807224951,4.254505475278592,6.022942944956974
training_Singapore_Singapore_60,Singapore,clahe,0.33927440643310547,0.8155799293256097,7.862579047220685,3.256027828609754,37,4.692857606433386,4.01293496251026,0,0.0,10,5.0871451411265785,23,0,6.015969466754458,5.067415220343381,4.827391087968306,4.643496460489399,3.7909608020280032,3.308999272928444,3.6471794717132053
training_Singapore_Singapore_61,Singapore,clahe,0.35535502433776855,0.8155345252600698,5.341517114384144,2.945318266103062,40,6.301595384577462,5.75313905239972,0,0.0,10,6.605806955604569,33,0,7.787513295340224,5.94873724489001,5.527708273680722,5.565112285492664,4.513055950826065,4.287931013614549,5.670646881325632
training_Singapore_Singapore_62,Singapore,clahe,0.3589160442352295,0.8431579630476983,7.402512012857671,3.202957417866094,82,5.258933667321537,4.9322661362950235,0,0.0,10,5.58651075695917,57,0,5.390635186683039,6.028067591666339,5.63187622607065,5.394254879032319,4.1572203484156764,3.2823687376994655,5.359103910340722
training_Singapore_Singapore_64,Singapore,clahe,0.3640458583831787,0.8044504399636954,5.223238095649863,2.9319179069568975,42,6.461756909070335,6.073037447775519,0,0.0,10,6.970976750553439,31,0,7.6707769856039505,6.501658571458857,7.59876071572534,5.513508458733817,5.652607326992926,4.303393164019782,6.246077067361594
training_Singapore_Singapore_65,Singapore,clahe,0.3663139343261719,0.7719112427673941,5.5835588345697325,3.345978996785367,82,7.110241001599353,6.436197714053165,0,0.0,10,7.367876406703991,60,0,7.213181577724885,8.610072812632287,6.518771652962725,6.7770423720235025,6.287681640140623,5.11212430703328,7.157069578857876
training_Singapore_Singapore_66,Singapore,clahe,0.36968040466308594,0.8801814265206207,5.598535482651991,3.3493471967512765,80,3.503027407509157,3.289849319978197,0,0.0,10,3.7212356945926484,53,0,3.938092698199445,3.4122467370898764,3.684381326404079,3.293025142662287,3.091907894908511,2.623271631514154,3.782979109484584
training_Singapore_Singapore_68,Singapore,clahe,0.33561086654663086,0.8517037538441213,7.222843469762099,2.484483714141488,40,4.329707721032751,3.9770665981906044,0,0.0,10,4.665783892410299,30,0,4.269543928788063,5.436921646915873,4.952516421727993,3.4688609721176857,3.5363936090385786,2.495587916806679,3.9198989164386533
training_Utrecht_Utrecht_0,Utrecht,clahe,0.36951756477355957,0.732000307322951,10.193609794992803,3.2398267158546865,80,5.172517499922658,4.487142416398943,0,0.0,10,5.681725550525003,50,0,5.397097961705434,5.439290629315925,4.92555747364041,4.381866789650153,4.541171512375994,4.0645318695365,7.442419188244861
training_Utrecht_Utrecht_11,Utrecht,clahe,0.41226983070373535,0.7966192566071721,6.329107116577362,3.777202259280202,57,4.554576845049791,4.1668844174789825,0,0.0,10,4.863617100849958,39,0,4.939086242600952,6.282230802819562,4.079363427203741,4.01073024251838,3.853535487692929,3.562793525977191,4.339990611661888
training_Utrecht_Utrecht_17,Utrecht,clahe,0.32968664169311523,0.7026133654241136,7.077365165897596,3.491429979406835,34,5.796316141448205,5.465483163442215,0,0.0,10,6.290470397197783,20,0,4.799106473007107,7.334897998275174,5.552999229246248,5.687639410224985,5.361617707381011,4.565722349617219,6.3097827269075495
training_Utrecht_Utrecht_2,Utrecht,clahe,0.3200993537902832,0.658612109476844,9.583087071762655,3.2638751919247775,134,10.326465317350909,7.5371507894904894,0,0.0,10,12.143916812522527,85,0,9.77239301854402,9.946534095254915,16.061410919127475,6.984671202435801,8.001591552163317,5.775591922133332,12.954781884279972
training_Utrecht_Utrecht_21,Utrecht,clahe,0.31638312339782715,0.7826657870186234,8.642762724852423,3.3120048125780377,115,4.924978325803661,4.411948901516526,0,0.0,10,5.2593149156091705,72,0,5.056489835483492,5.474002121811446,5.715278955657212,4.57266438994866,4.6656062374658855,3.728416119785687,4.087294916703097
training_Utrecht_Utrecht_23,Utrecht,clahe,0.3266603946685791,0.7508294094411514,7.204625894276791,3.484957080651209,21,5.055550145718629,4.744248116338779,0,0.0,10,5.312025724872744,13,0,5.670714832314413,5.733305281327988,3.284735259922286,5.735640133660104,3.3834216265508905,3.7004074245016643,4.807404475841936
training_Utrecht_Utrecht_25,Utrecht,clahe,0.4589219093322754,0.7316806719636723,9.611606924273946,2.682026769176327,37,7.747321087136687,5.895780633435705,0,0.0,10,7.827046013697226,25,0,6.242919314152787,7.224218910359132,8.811073536496485,10.649522387222177,7.676740933330521,3.674223786381071,9.247961742200212
training_Utrecht_Utrecht_29,Utrecht,clahe,0.4761190414428711,0.7531047813227264,8.98307609667934,2.7963195704668933,81,5.720107852428109,5.41661088227925,0,0.0,10,6.1550989620683385,55,0,6.2625520421316105,6.287744594329049,6.09311040381434,4.670637145692957,5.038035575400552,4.199153065260466,5.835880142864124
training_Utrecht_Utrecht_31,Utrecht,clahe,0.43566465377807617,0.7168483569017928,9.903836236486105,3.6262156537687114,104,8.565954889926452,6.865913941506127,0,0.0,10,9.786625338844129,68,0,8.491649717829034,11.880798789994882,10.216787060380765,7.008780447748739,6.335295499740732,4.8909830843401565,7.219572257861297
training_Utrecht_Utrecht_35,Utrecht,clahe,0.4524693489074707,0.6678873800459282,8.868577098136775,3.8228131527288194,45,8.068708351641863,7.556271095866985,0,0.0,10,8.822080318506359,34,0,8.705200427786218,9.244256316151832,8.982386024303523,6.408369519649436,6.492840919162862,4.486168189766981,7.419534978162428
training_Utrecht_Utrecht_37,Utrecht,clahe,0.4541928768157959,0.7633566399913325,10.102183715452394,3.6813811327202894,137,5.400301738663848,4.7140950462654185,0,0.0,10,5.880945577777219,96,0,5.7626090829318,6.2782324238836,5.780230097366561,5.058392435547763,4.198030771458376,3.385187116391702,5.714458042635711
training_Utrecht_Utrecht_39,Utrecht,clahe,0.448594331741333,0.7385981954208226,12.384959802227094,3.3704672327498066,109,6.650164905271734,5.7002256277676935,0,0.0,10,7.120521478611644,81,0,6.97277962679,8.334037437557704,6.695250628446331,5.93991482363036,5.087137142639729,3.280398829401497,5.943699092327422
training_Utrecht_Utrecht_4,Utrecht,clahe,0.42157936096191406,0.6955924560080086,10.086731269709235,4.59347036601449,62,7.096730457496258,5.342707846891661,0,0.0,10,7.702279661605291,43,0,9.794905172607576,5.053049507116986,8.643083450045044,7.0160472247127394,4.762067245854122,4.270608604550268,6.017928572276586
training_Utrecht_Utrecht_41,Utrecht,clahe,0.32897520065307617,0.7839922871644017,10.312379250760996,3.109733671816168,75,4.682727434390468,4.184316730576883,0,0.0,10,5.120059903319532,54,0,4.568862608291239,6.575862458921117,4.726408915154429,4.030844549747744,3.418311846662962,2.5596384107779895,4.268469449305894
training_Utrecht_Utrecht_49,Utrecht,clahe,0.3307762145996094,0.6419848317698013,8.893680181650886,3.5916319043281484,113,10.891409837952486,7.925188681644794,0,0.0,10,12.089962333876242,85,0,9.268352225463357,9.658611391477708,16.177761638163688,7.158417096711487,7.984589656879753,6.946413068195363,11.70830152305198
training_Utrecht_Utrecht_8,Utrecht,clahe,0.35477280616760254,0.6689108290691558,5.3567230066310865,3.0762857884639923,59,11.352229499029997,8.513359076020357,0,0.0,10,12.593616081258569,46,0,11.54871859522275,18.48869647356107,8.400420794685354,7.735887645249953,5.9469451085051785,5.373632108680231,7.611244923296635
