split,subject_key,site,method,reference_value,reference_voxels,brain_median,brain_p99,nawm_level,lesion_level,lesion_p10,lesion_over_nawm,threshold,dice,recall,predicted_volume_ratio
training,training_Amsterdam_GE3T_100,Amsterdam,wm_referenced,880.5067749023438,140297,1.0171301247734768,1.3902777241139277,1.0,1.429475823297616,1.227247048655771,1.429475823297616,1.3,0.1520582165743456,0.7847533632286996,9.321748878923767
training,training_Amsterdam_GE3T_101,Amsterdam,wm_referenced,636.0361633300781,174260,0.9900859495990549,1.5779721809706564,1.0,1.5679474828100082,1.3363757628780817,1.5679474828100082,1.3,0.03325175461661374,0.9288135593220339,54.86553672316384
training,training_Amsterdam_GE3T_102,Amsterdam,wm_referenced,712.7575378417969,137432,1.039582346687239,1.5219486000789768,1.0,1.4030810289540783,1.1989301256112066,1.4030810289540783,1.3,0.033571254613237414,0.7231638418079096,42.082324455205814
training,training_Amsterdam_GE3T_103,Amsterdam,wm_referenced,806.5077514648438,119477,0.9559380354951024,1.49183685296829,1.0,1.4924398487856239,1.262375468477215,1.4924398487856239,1.3,0.6224085193157358,0.8503327658257236,1.732394366197183
training,training_Amsterdam_GE3T_104,Amsterdam,wm_referenced,686.6348571777344,159330,0.9465583266158217,1.6261480749190287,1.0,1.6118601128524173,1.3303175858149978,1.6118601128524173,1.3,0.4114978114657841,0.9250059995200384,3.4958003359731222
training,training_Amsterdam_GE3T_105,Amsterdam,wm_referenced,763.1641540527344,131876,0.929392995175061,1.500071210227164,1.0,1.6133643519310694,1.3413979074882867,1.6133643519310694,1.3,0.2531624569698478,0.9384993849938499,6.4142066420664205
training,training_Amsterdam_GE3T_106,Amsterdam,wm_referenced,648.2495727539062,148471,1.0308693568100167,1.5588990785262407,1.0,1.6838360816354816,1.4282972258243893,1.6838360816354816,1.3,0.031784243290515504,0.9814169570267132,60.75493612078978
training,training_Amsterdam_GE3T_107,Amsterdam,wm_referenced,792.235107421875,119600,0.9697115480917535,1.4070214360885003,1.0,1.6193519558581755,1.3447614865354183,1.6193519558581755,1.3,0.2468916518650089,0.9397183098591549,6.612394366197183
training,training_Amsterdam_GE3T_108,Amsterdam,wm_referenced,711.5003051757812,122225,1.0432184480331976,1.5105425555541927,1.0,1.5369743783702823,1.2811102062832986,1.5369743783702823,1.3,0.017032013877937235,0.8729792147806005,101.51039260969976
training,training_Amsterdam_GE3T_109,Amsterdam,wm_referenced,689.9038696289062,166311,0.9768085400966171,1.4706845002625322,1.0,1.3782168350454311,1.1760001450892807,1.3782168350454311,1.3,0.02379689778602678,0.6551094890510949,54.058394160583944
training,training_Amsterdam_GE3T_110,Amsterdam,wm_referenced,615.9641723632812,175560,1.023392241960603,1.6070283612980127,1.0,1.6596267701100986,1.3753757769677377,1.6596267701100986,1.3,0.028861308116627266,0.9585605234460196,65.42529989094875
training,training_Amsterdam_GE3T_112,Amsterdam,wm_referenced,777.9925842285156,120802,0.980284436738007,1.3716064853374388,1.0,1.4682822256438672,1.2556829508786655,1.4682822256438672,1.3,0.23122377322942536,0.8241758241758241,6.128815628815629
training,training_Amsterdam_GE3T_113,Amsterdam,wm_referenced,781.4209594726562,139488,0.9929498630807431,1.5569931923490805,1.0,1.5948364736747842,1.346573691178985,1.5948364736747842,1.3,0.4678227360308285,0.9413771712158809,3.024503722084367
training,training_Amsterdam_GE3T_114,Amsterdam,wm_referenced,764.9957885742188,138363,0.9660787472740472,1.4306763985166044,1.0,1.5267126020579254,1.2640124126245016,1.5267126020579254,1.3,0.5795486600846262,0.8565770273087346,1.9560141755263707
training,training_Amsterdam_GE3T_115,Amsterdam,wm_referenced,794.461669921875,159825,1.0002903247119417,1.4506388096302685,1.0,1.5326034881987882,1.2934871385922133,1.5326034881987882,1.3,0.07024690331698395,0.8922914466737064,24.404435058078143
training,training_Amsterdam_GE3T_116,Amsterdam,wm_referenced,647.7651977539062,135713,1.014868484220038,1.630231849003838,1.0,1.717394870528885,1.3724147353454283,1.717394870528885,1.3,0.020649123735903004,0.9543230016313213,91.43230016313214
training,training_Amsterdam_GE3T_126,Amsterdam,wm_referenced,781.91845703125,180893,0.909822236473917,1.4828142202078347,1.0,1.5886729573258882,1.35464842893799,1.5886729573258882,1.3,0.3730165323585611,0.9500634786288616,4.093948370715193
training,training_Amsterdam_GE3T_132,Amsterdam,wm_referenced,793.323486328125,139312,0.937788298522859,2.0257324078852657,1.0,1.8816246919096844,1.479416843388718,1.8816246919096844,1.3,0.5697622252131,0.974477021242226,2.420644535982554
training,training_Amsterdam_GE3T_137,Amsterdam,wm_referenced,744.9925231933594,140810,0.9915868132426318,1.3889160797094375,1.0,1.4273960072366303,1.2373895206500598,1.4273960072366303,1.3,0.26166633942011913,0.783307210031348,4.987068965517241
training,training_Amsterdam_GE3T_144,Amsterdam,wm_referenced,592.7059326171875,142132,1.018203730779061,1.434921595272278,1.0,1.4287194876187508,1.215903417337271,1.4287194876187508,1.3,0.038333533822526966,0.7563291139240507,38.460443037974684
training,training_Singapore_Singapore_50,Singapore,wm_referenced,276.1821746826172,141174,0.9880430665957638,1.500981065338849,1.0,1.4428379201513823,1.2501570314712118,1.4428379201513823,1.3,0.5224523737526459,0.8072655063660787,2.0902931900478916
training,training_Singapore_Singapore_51,Singapore,wm_referenced,322.80291748046875,118817,0.9487656280636658,1.4383271602288836,1.0,1.3849533155233802,1.2080818192698801,1.3849533155233802,1.3,0.6861281826163301,0.7051658019399955,1.0554928942025716
training,training_Singapore_Singapore_52,Singapore,wm_referenced,290.739501953125,119702,0.9798306950638567,1.363382836399302,1.0,1.3595484159046882,1.188114971084141,1.3595484159046882,1.3,0.2162938641493946,0.6395631067961165,4.913834951456311
training,training_Singapore_Singapore_53,Singapore,wm_referenced,235.23963928222656,146524,1.0274379381013987,1.4372001908324532,1.0,1.3164648774556624,1.1384355825335766,1.3164648774556624,1.3,0.017440912795436022,0.5616797900262467,63.40944881889764
training,training_Singapore_Singapore_54,Singapore,wm_referenced,289.76898193359375,104099,1.0258034891497239,1.4351628494547217,1.0,1.3685523662080115,1.1880368925188123,1.3685523662080115,1.3,0.013481453586895124,0.683206106870229,100.35496183206106
training,training_Singapore_Singapore_55,Singapore,wm_referenced,353.4744567871094,121921,0.9469228590242423,1.3662426520491722,1.0,1.4326584648022287,1.2605744401691805,1.4326584648022287,1.3,0.1505477899508878,0.8259067357512954,9.972020725388601
training,training_Singapore_Singapore_56,Singapore,wm_referenced,277.20729064941406,129184,0.9633377602106935,1.4050500309433718,1.0,1.4131608658463501,1.2482354516749743,1.4131608658463501,1.3,0.6755915317559154,0.7945807396558038,1.3522519223727572
training,training_Singapore_Singapore_57,Singapore,wm_referenced,277.33282470703125,112690,0.9167269683378813,1.3830715327474379,1.0,1.3740031792625633,1.2280520513462128,1.3740031792625633,1.3,0.6398613518197573,0.7115051069570245,1.223935247639237
training,training_Singapore_Singapore_58,Singapore,wm_referenced,350.6710968017578,135126,0.9698400645281976,1.3563212243752947,1.0,1.3386920595236682,1.1912446580589908,1.3386920595236682,1.3,0.06014486109837719,0.6040515653775322,19.086556169429098
training,training_Singapore_Singapore_59,Singapore,wm_referenced,270.0484924316406,120262,0.9434432552385599,1.3404648597251496,1.0,1.346680379782955,1.1973163140617038,1.346680379782955,1.3,0.6705128205128205,0.6243178717598908,0.8622100954979536
training,training_Singapore_Singapore_60,Singapore,wm_referenced,239.6849822998047,135451,0.9470538410535526,1.5071271565849111,1.0,1.5300814648846017,1.27541942813198,1.5300814648846017,1.3,0.6477635364896678,0.8694003651172588,1.6843140008425783
training,training_Singapore_Singapore_61,Singapore,wm_referenced,339.6358337402344,88737,0.9752269415546706,1.3590928519756205,1.0,1.3401563833908083,1.2031748320879145,1.3401563833908083,1.3,0.49312602291325697,0.6212371134020619,1.5195876288659793
training,training_Singapore_Singapore_62,Singapore,wm_referenced,282.45343017578125,136637,0.9581175231761148,1.6342530496138807,1.0,1.4928975237681994,1.2187486183792138,1.4928975237681994,1.3,0.7465606990146867,0.7857072979847388,1.1048718450401096
training,training_Singapore_Singapore_63,Singapore,wm_referenced,177.82485961914062,130983,0.9347626508825778,1.51952493793939,1.0,1.4321338810169617,1.2423229073797422,1.4321338810169617,1.3,0.6956426618049225,0.7973752403243334,1.2924851625846359
training,training_Singapore_Singapore_64,Singapore,wm_referenced,204.84706115722656,144919,0.9694903267870936,1.3697675602801578,1.0,1.3409739113049772,1.2127385788913803,1.3409739113049772,1.3,0.4960934750475118,0.6487481590574374,1.6154270986745214
training,training_Singapore_Singapore_65,Singapore,wm_referenced,201.75047302246094,140059,0.9578574411172841,1.45193163715494,1.0,1.3707795366164321,1.2013175243321337,1.3707795366164321,1.3,0.4117527450183001,0.6713078070611636,2.260732637162274
training,training_Singapore_Singapore_66,Singapore,wm_referenced,248.04010772705078,148420,0.9730382961666062,1.3693800024625427,1.0,1.3783340484221505,1.2165972293843033,1.3783340484221505,1.3,0.3765818569335287,0.7092323130958355,2.7666833918715503
training,training_Singapore_Singapore_67,Singapore,wm_referenced,415.04815673828125,91360,0.9394709954149534,1.4586064070066698,1.0,1.338821325826831,1.1845877274159728,1.338821325826831,1.3,0.6174520535754016,0.59056860742254,0.9129213483146067
training,training_Singapore_Singapore_68,Singapore,wm_referenced,312.90032958984375,107893,0.9334302014275072,1.6045952577547622,1.0,1.4853645983592503,1.2492036276184475,1.4853645983592503,1.3,0.753822059810575,0.8258169934640522,1.1910130718954248
training,training_Singapore_Singapore_69,Singapore,wm_referenced,384.1767578125,114691,0.9171288005500805,1.364805069687872,1.0,1.3654317394387858,1.1747112331817477,1.3654317394387858,1.3,0.5315706121324795,0.6585906841835865,1.4779047944036854
training,training_Utrecht_Utrecht_0,Utrecht,wm_referenced,434.923828125,190006,0.9164546902295212,1.62923014873294,1.0,1.6994148860926617,1.4073343566581793,1.6994148860926617,1.3,0.527976153511768,0.9685577580314423,2.6689450899977216
training,training_Utrecht_Utrecht_11,Utrecht,wm_referenced,406.1056823730469,179247,0.9749510624680296,1.4206898829970471,1.0,1.4489432130750175,1.2404506528799182,1.4489432130750175,1.3,0.05714062071934562,0.8165548098434005,27.58053691275168
training,training_Utrecht_Utrecht_17,Utrecht,wm_referenced,512.57958984375,173022,0.9553447420989309,1.3810851818458072,1.0,1.4899233207876446,1.3286397382075763,1.4899233207876446,1.3,0.13312327688066167,0.9300314465408805,12.97248427672956
training,training_Utrecht_Utrecht_19,Utrecht,wm_referenced,463.5464782714844,134119,0.9624800791547261,1.8714653163822281,1.0,1.6989064347185827,1.3510477737535775,1.6989064347185827,1.3,0.2645152844144793,0.9362835959221502,6.079240037071362
training,training_Utrecht_Utrecht_2,Utrecht,wm_referenced,413.3501892089844,153280,0.9242895668322104,1.7519396612347327,1.0,1.6664000178963532,1.284674468364246,1.6664000178963532,1.3,0.5473476999585578,0.8909688843916013,2.255586474407623
training,training_Utrecht_Utrecht_21,Utrecht,wm_referenced,481.1846466064453,198386,0.9091787367000205,1.5587212967771582,1.0,1.5796049819950375,1.315225659227199,1.5796049819950375,1.3,0.6468512273547172,0.9143110519898016,1.826959317148875
training,training_Utrecht_Utrecht_23,Utrecht,wm_referenced,496.2425537109375,156961,0.8972908962592175,1.3324542540020599,1.0,1.4919807518364938,1.262742806722098,1.4919807518364938,1.3,0.06634169539888242,0.8403614457831325,24.33433734939759
training,training_Utrecht_Utrecht_25,Utrecht,wm_referenced,545.445068359375,160386,0.8704018722167739,1.5848855635024264,1.0,1.632593795473253,1.3940909333019418,1.632593795473253,1.3,0.7129601915594134,0.9535628502802241,1.6749399519615693
training,training_Utrecht_Utrecht_27,Utrecht,wm_referenced,496.130126953125,158776,0.9446727639065836,1.4975167728842729,1.0,1.6131649303274513,1.372973512276905,1.6131649303274513,1.3,0.03569245813470236,0.9511400651465798,52.29641693811075
training,training_Utrecht_Utrecht_29,Utrecht,wm_referenced,519.4947814941406,157908,0.8537317146028518,1.7043252883411388,1.0,1.6151778746217207,1.3435704280228788,1.6151778746217207,1.3,0.80183282127344,0.9412386519089665,1.347717945529163
training,training_Utrecht_Utrecht_31,Utrecht,wm_referenced,531.328857421875,157243,0.9396301410682146,1.953168941374968,1.0,1.6684981962695795,1.352896559931591,1.6684981962695795,1.3,0.7875873977890264,0.9429243179699217,1.3944626859621387
training,training_Utrecht_Utrecht_33,Utrecht,wm_referenced,468.82794189453125,154725,0.970311121445041,1.4556839129743662,1.0,1.6080492865964864,1.2769027337511718,1.6080492865964864,1.3,0.09290341578327443,0.8812849162011173,17.972067039106147
training,training_Utrecht_Utrecht_35,Utrecht,wm_referenced,497.31378173828125,163128,0.9868198152943014,1.3854428865821986,1.0,1.6133941761580681,1.3019141042041171,1.6133941761580681,1.3,0.13505244755244755,0.9017509727626459,12.354085603112841
training,training_Utrecht_Utrecht_37,Utrecht,wm_referenced,486.5915069580078,156308,0.9623569514514619,1.9635564461653732,1.0,1.6992501644989515,1.3708560759686466,1.6992501644989515,1.3,0.7932413180348964,0.9512454993019326,1.3983760746564773
training,training_Utrecht_Utrecht_39,Utrecht,wm_referenced,526.9856872558594,155940,0.9296793650457222,2.0328575785862,1.0,1.8429496138784511,1.4025531340232347,1.8429496138784511,1.3,0.7073798119567145,0.9607854948497079,1.7164628636829107
training,training_Utrecht_Utrecht_4,Utrecht,wm_referenced,431.9683532714844,144410,0.9502006713087399,1.886700397654807,1.0,1.7007561919721725,1.432861164024289,1.7007561919721725,1.3,0.4459664836166893,0.9746678476527901,3.3710363153232947
training,training_Utrecht_Utrecht_41,Utrecht,wm_referenced,537.280517578125,156639,0.9419349220998219,1.7486430289712231,1.0,1.6968764725421581,1.378929509279089,1.6968764725421581,1.3,0.7668991416309013,0.9560274201638522,1.4932285570974753
training,training_Utrecht_Utrecht_49,Utrecht,wm_referenced,480.42454528808594,168782,0.9890027356747094,1.6431242419629348,1.0,1.6198029271176277,1.321536219843397,1.6198029271176277,1.3,0.5280861888373485,0.9148693488179179,2.464848610535048
training,training_Utrecht_Utrecht_6,Utrecht,wm_referenced,490.88731384277344,165500,0.9722301823414911,1.3872658026966147,1.0,1.4047239932645734,1.209092222817897,1.4047239932645734,1.3,0.05915062633669416,0.7515527950310559,24.411490683229815
training,training_Utrecht_Utrecht_8,Utrecht,wm_referenced,432.1254577636719,190420,0.9953737625166077,1.4882260119731185,1.0,1.379365668666706,1.1474592629164344,1.379365668666706,1.3,0.017225439151379494,0.6483516483516484,74.27838827838828
