config,subject_key,site,runtime_s,brain_volume_ml,head_volume_ml,brain_fraction_of_head,shallow_fraction,shallow_volume_ml,mean_depth_mm,outside_head_voxels,wmh_retained_fraction,wmh_lost_voxels
hdbet_flair,training_Amsterdam_GE3T_102,Amsterdam,48.94210243225098,1400.2667853763685,3017.1847759495527,0.46409712674480924,0.04379186374637223,61.32029227377257,23.088538675237963,607,1.0,0
hdbet_flair,training_Amsterdam_GE3T_112,Amsterdam,66.7796790599823,1272.0125545216522,2800.7775540041303,0.45416407765162214,0.053965832234669144,68.64521611770842,20.350915106123562,845,1.0,0
hdbet_flair,training_Amsterdam_GE3T_114,Amsterdam,54.1078200340271,1366.7482264042524,3300.3987072574687,0.41411609554894624,0.026587849743664935,36.338896481056814,25.040309804860275,227,1.0,0
hdbet_flair,training_Amsterdam_GE3T_115,Amsterdam,52.27366662025452,1512.395620417482,2732.1147590858795,0.5535622599262648,0.06181423417391951,93.48757704409653,22.0446052684566,1301,1.0,0
hdbet_flair,training_Singapore_Singapore_51,Singapore,54.026660203933716,1205.766,2897.814,0.41609502887348876,0.014811331551893153,17.859,26.25097615133024,296,1.0,0
hdbet_flair,training_Singapore_Singapore_52,Singapore,55.709848403930664,1102.8689123518468,2524.463799373627,0.4368725400718727,0.026108268525092283,28.793997711658477,24.407797566338278,329,1.0,0
hdbet_flair,training_Singapore_Singapore_59,Singapore,53.91695189476013,1167.474463912487,2668.4860603606703,0.437504426669065,0.03307396995564783,38.613015343427655,21.637547899090865,408,1.0,0
hdbet_flair,training_Singapore_Singapore_60,Singapore,52.99250864982605,1264.6741005072595,2984.4512371828555,0.4237543186334773,0.009925087413831548,12.552000997543335,28.813020227153594,189,1.0,0
hdbet_flair,training_Utrecht_Utrecht_17,Utrecht,29.005131483078003,1648.6784469482136,2681.972715186991,0.6147260326745214,0.032108037286968615,52.93582904883474,23.04635408696695,2818,1.0,0
hdbet_flair,training_Utrecht_Utrecht_29,Utrecht,28.555760145187378,1667.2180864924462,2940.383475649285,0.5670070248657948,0.03408773538914091,56.831688968344345,23.685979157768724,3647,1.0,0
hdbet_flair,training_Utrecht_Utrecht_35,Utrecht,29.013551473617554,1321.9262543488844,2372.759430980446,0.5571261195251692,0.023364291192850235,30.88586994208114,22.74743918486536,1205,1.0,0
hdbet_flair,training_Utrecht_Utrecht_39,Utrecht,29.182926893234253,1517.355201680823,2791.1304822490038,0.5436346352601139,0.010112180010967422,15.343768939974257,25.961358296947836,492,1.0,0
hdbet_t1,training_Amsterdam_GE3T_102,Amsterdam,52.923033714294434,1370.8915424571665,3017.1847759495527,0.4543611493020763,0.044699456354497895,61.2781066688144,23.188288929638592,792,1.0,0
hdbet_t1,training_Amsterdam_GE3T_112,Amsterdam,52.85388994216919,1286.7435893761055,2800.7775540041303,0.4594237009420877,0.05870604082591743,75.53962169040118,20.170850233008007,1468,1.0,0
hdbet_t1,training_Amsterdam_GE3T_114,Amsterdam,53.05827331542969,1358.4193907073075,3300.3987072574687,0.41159251084427706,0.026373000672912678,35.82559550522145,25.01907731437191,367,1.0,0
hdbet_t1,training_Amsterdam_GE3T_115,Amsterdam,52.60152888298035,1529.7951171942575,2732.1147590858795,0.5599307686863423,0.07110140764148233,108.77058623557814,21.739487612414848,3321,1.0,0
hdbet_t1,training_Singapore_Singapore_51,Singapore,53.355010747909546,1263.72,2897.814,0.43609424207350783,0.018096572025448676,22.869,25.59812704609089,697,1.0,0
hdbet_t1,training_Singapore_Singapore_52,Singapore,53.58679676055908,1154.6669082353114,2524.463799373627,0.4573909550700664,0.03200663048307434,36.95699706292152,23.762949854697837,1035,1.0,0
hdbet_t1,training_Singapore_Singapore_59,Singapore,52.908429861068726,1248.0634959356785,2668.4860603606703,0.4677047088516518,0.04895906697017698,61.104024280548096,20.75780081275355,3093,1.0,0
hdbet_t1,training_Singapore_Singapore_60,Singapore,53.00634431838989,1346.9581070466043,2984.4512371828555,0.4513252186080455,0.01409175341770122,18.98100150847435,27.946746006331125,756,1.0,0
hdbet_t1,training_Utrecht_Utrecht_17,Utrecht,53.170328855514526,1465.88411091298,2681.972715186991,0.5465693601624788,0.02493416860730658,36.550601580275945,24.26135469853026,670,1.0,0
hdbet_t1,training_Utrecht_Utrecht_29,Utrecht,53.79202747344971,1532.5159352507553,2940.383475649285,0.5211959419382708,0.028876803451840533,44.25416144904963,24.51281291414718,1841,1.0,0
hdbet_t1,training_Utrecht_Utrecht_35,Utrecht,58.84138870239258,1265.9652459284018,2372.759430980446,0.5335413398421488,0.02373982819746627,30.053797442303395,23.15720755052074,1016,1.0,0
hdbet_t1,training_Utrecht_Utrecht_39,Utrecht,35.65876030921936,1426.8299956668538,2791.1304822490038,0.5112014664814809,0.008822745652350222,12.588558140912621,26.735798705900656,351,1.0,0
deepbet_flair,training_Amsterdam_GE3T_102,Amsterdam,2.1757264137268066,1398.0379792477456,3017.1847759495527,0.46335842285554496,0.042840762217047794,59.89301263935466,23.12611185105731,515,1.0,0
deepbet_flair,training_Amsterdam_GE3T_112,Amsterdam,1.4873290061950684,1284.788826755801,2800.7775540041303,0.4587257652500832,0.0564365403612661,72.50903647690748,20.241885268073773,1055,1.0,0
deepbet_flair,training_Amsterdam_GE3T_114,Amsterdam,1.5852208137512207,1420.170201252323,3300.3987072574687,0.430302617113931,0.03327688986592201,47.258847377937855,24.587390717792005,957,1.0,0
deepbet_flair,training_Amsterdam_GE3T_115,Amsterdam,1.5698392391204834,1504.74532642147,2732.1147590858795,0.5507621235225613,0.057371495327102805,86.32948946326916,22.17018887705007,678,1.0,0
deepbet_flair,training_Singapore_Singapore_51,Singapore,2.2243072986602783,1278.708,2897.814,0.44126641668512884,0.013813943449169004,17.664,25.675511020376632,366,1.0,0
deepbet_flair,training_Singapore_Singapore_52,Singapore,1.6635127067565918,1144.8599090147018,2524.463799373627,0.4535061700226266,0.03163356218227556,36.215997121810915,24.025679043016044,1506,1.0,0
deepbet_flair,training_Singapore_Singapore_59,Singapore,1.590259075164795,1295.6645148506163,2668.4860603606703,0.48554292042113784,0.048473215278035046,62.80502495646477,20.78559397037728,3234,1.0,0
deepbet_flair,training_Singapore_Singapore_60,Singapore,1.5863547325134277,1379.2411096122264,2984.4512371828555,0.462142283455148,0.012097958224849754,16.68600132608414,27.97046599341553,504,1.0,0
deepbet_flair,training_Utrecht_Utrecht_17,Utrecht,1.2149441242218018,1633.9215479534935,2681.972715186991,0.6092237772223472,0.033676205250999104,55.02427741291202,23.09780822359324,3317,1.0,0
deepbet_flair,training_Utrecht_Utrecht_29,Utrecht,1.5088210105895996,1615.7645648226041,2940.383475649285,0.549508109470591,0.03029977491303458,48.957302626582184,23.986108873134892,2506,1.0,0
deepbet_flair,training_Utrecht_Utrecht_35,Utrecht,1.9495630264282227,1333.8397692132517,2372.759430980446,0.5621470730650924,0.023932280693057036,31.92182775637396,22.56695617020754,830,1.0,0
deepbet_flair,training_Utrecht_Utrecht_39,Utrecht,1.599973440170288,1455.1508074704086,2791.1304822490038,0.5213481837287286,0.008569616298554374,12.47008407655297,26.457572629423453,386,1.0,0
deepbet_t1,training_Amsterdam_GE3T_102,Amsterdam,1.748077392578125,1601.0772959113933,3017.1847759495527,0.5306527159601986,0.07589617028003812,121.51563508199409,21.351919851978447,7780,1.0,0
deepbet_t1,training_Amsterdam_GE3T_112,Amsterdam,2.3764495849609375,1476.5559618718269,2800.7775540041303,0.5271950140277543,0.09773275997542752,144.30788941190576,18.587891758949883,8823,1.0,0
deepbet_t1,training_Amsterdam_GE3T_114,Amsterdam,1.051185131072998,1550.7033425592774,3300.3987072574687,0.4698533359467544,0.05196203794391845,80.57770592582635,23.39061561970689,3773,1.0,0
deepbet_t1,training_Amsterdam_GE3T_115,Amsterdam,1.135279655456543,1711.8025022491945,2732.1147590858795,0.6265485359121354,0.09500630527383784,162.63203109720646,20.41942276233433,10637,1.0,0
deepbet_t1,training_Singapore_Singapore_51,Singapore,1.448610782623291,1363.938,2897.814,0.47067824228884253,0.020611640705076036,28.113,24.973223128359567,1112,1.0,0
deepbet_t1,training_Singapore_Singapore_52,Singapore,0.9530599117279053,1248.251900797844,2524.463799373627,0.494462190785846,0.03865805943030734,48.254996165037156,23.115589361970024,2747,1.0,0
deepbet_t1,training_Singapore_Singapore_59,Singapore,2.039935350418091,1400.8565566501618,2668.4860603606703,0.5249630408265364,0.06485034864397198,90.84603609895706,19.936572683469024,6980,1.0,0
deepbet_t1,training_Singapore_Singapore_60,Singapore,1.775566816329956,1496.4361189260483,2984.4512371828555,0.5014108122398391,0.015222167870861166,22.77900181031227,27.004314695517156,1017,1.0,0
deepbet_t1,training_Utrecht_Utrecht_17,Utrecht,1.0511529445648193,1729.8524122548688,2681.972715186991,0.6449925468888525,0.03718256648105911,64.32035232108714,22.561776772188637,4257,1.0,0
deepbet_t1,training_Utrecht_Utrecht_29,Utrecht,1.254791259765625,1723.7163952132912,2940.383475649285,0.5862216304397733,0.03602500555448107,62.0968927119089,23.378759773370792,4202,1.0,0
deepbet_t1,training_Utrecht_Utrecht_35,Utrecht,1.1744825839996338,1409.9165435969041,2372.759430980446,0.5942096468727611,0.029279226464059033,41.281265775397124,22.022021416222717,2193,1.0,0
deepbet_t1,training_Utrecht_Utrecht_39,Utrecht,2.4118611812591553,1604.295878445213,2791.1304822490038,0.5747835468990767,0.012713880163564764,20.3968255454533,25.209634873039754,945,1.0,0
