subject_key,site,method,reference_value,reference_voxels,brain_median,brain_p99,nawm_level,lesion_level,lesion_p10,lesion_over_nawm,threshold,dice,recall,predicted_volume_ratio,mean,sd,p_low,p_high,percentile_range
training_Amsterdam_GE3T_101,Amsterdam,wm_referenced,636.0361633300781,174260.0,0.9900859495990549,1.5779721809706564,1.0,1.5679474828100082,1.3363757628780817,1.5679474828100082,1.3,0.03325175461661374,0.9288135593220339,54.86553672316384,,,,,
training_Amsterdam_GE3T_101,Amsterdam,z_score,,,0.18765279198614537,1.9182794443722277,0.21683789437737527,1.8887686157575378,1.2070649644948572,8.710509854289615,,,,,589.1864549753853,216.05867594876003,,,
training_Amsterdam_GE3T_101,Amsterdam,percentile,,,0.606630046456412,1.0,0.6132637951947517,0.9932922139704783,0.838341558808679,1.6196818102641173,,,,,,,53.09967567443847,1003.6473718261719,"[1, 99]"
training_Amsterdam_GE3T_102,Amsterdam,wm_referenced,712.7575378417969,137432.0,1.039582346687239,1.5219486000789768,1.0,1.4030810289540783,1.1989301256112066,1.4030810289540783,1.3,0.033571254613237414,0.7231638418079096,42.082324455205814,,,,,
training_Amsterdam_GE3T_102,Amsterdam,z_score,,,0.17541471400630793,1.692647862606396,0.05091253734908712,1.3187622146445979,0.6766266678676379,25.90250424178169,,,,,701.2205840094183,226.60339541269067,,,
training_Amsterdam_GE3T_102,Amsterdam,percentile,,,0.6575941266421238,1.0,0.6294967465047294,0.9156223010652936,0.77070654905238,1.4545306328416656,,,,,,,80.67903533935547,1084.780336914061,"[1, 99]"
training_Amsterdam_GE3T_104,Amsterdam,wm_referenced,686.6348571777344,159330.0,0.9465583266158217,1.6261480749190287,1.0,1.6118601128524173,1.3303175858149978,1.6118601128524173,1.3,0.4114978114657841,0.9250059995200384,3.4958003359731222,,,,,
training_Amsterdam_GE3T_104,Amsterdam,z_score,,,0.2170245274598743,2.14991879138232,0.3690237360950932,2.109280862410247,1.3085154934216898,5.715840625131792,,,,,597.5469268176131,241.41517644047792,,,
training_Amsterdam_GE3T_104,Amsterdam,percentile,,,0.5588683361027157,1.0,0.5935581093964994,0.9907254744559015,0.8079720946117269,1.669129709074689,,,,,,,58.767830047607426,1116.569951171875,"[1, 99]"
training_Amsterdam_GE3T_105,Amsterdam,wm_referenced,763.1641540527344,131876.0,0.929392995175061,1.500071210227164,1.0,1.6133643519310694,1.3413979074882867,1.6133643519310694,1.3,0.2531624569698478,0.9384993849938499,6.4142066420664205,,,,,
training_Amsterdam_GE3T_105,Amsterdam,z_score,,,0.25130276293810005,1.8844743454671227,0.45336646673140457,2.208697584844429,1.430381790145908,4.871770955554514,,,,,642.2640047047889,266.6720152895038,,,
training_Amsterdam_GE3T_105,Amsterdam,percentile,,,0.5943335124929069,1.0,0.6445244868200314,1.0805344056272945,0.8872071165755763,1.676483093696654,,,,,,,71.20645233154298,1144.8005761718753,"[1, 99]"
training_Amsterdam_GE3T_106,Amsterdam,wm_referenced,648.2495727539062,148471.0,1.0308693568100167,1.5588990785262407,1.0,1.6838360816354816,1.4282972258243893,1.6838360816354816,1.3,0.031784243290515504,0.9814169570267132,60.75493612078978,,,,,
training_Amsterdam_GE3T_106,Amsterdam,z_score,,,0.15926559377077107,1.807907839685434,0.06288365986031971,2.197992740085345,1.4001358471181065,34.95332086217048,,,,,635.1935170722421,207.62238887916018,,,
training_Amsterdam_GE3T_106,Amsterdam,percentile,,,0.6373583692298358,1.0,0.6161578317714033,1.085804561159573,0.9103049186483911,1.7622182258691315,,,,,,,66.66226257324219,1010.5556616210937,"[1, 99]"
training_Amsterdam_GE3T_109,Amsterdam,wm_referenced,689.9038696289062,166311.0,0.9768085400966171,1.4706845002625322,1.0,1.3782168350454311,1.1760001450892807,1.3782168350454311,1.3,0.02379689778602678,0.6551094890510949,54.058394160583944,,,,,
training_Amsterdam_GE3T_109,Amsterdam,z_score,,,0.2516304255814976,1.7235478022713229,0.32074881881352874,1.4479628898790193,0.8452887696340012,4.514320256065574,,,,,615.6552983422455,231.4850965353861,,,
training_Amsterdam_GE3T_109,Amsterdam,percentile,,,0.645186679931527,1.0,0.6618480272114995,0.9335688271127071,0.7882911037092537,1.4105486285817344,,,,,,,54.33175979614259,1014.6309277343752,"[1, 99]"
training_Amsterdam_GE3T_110,Amsterdam,wm_referenced,615.9641723632812,175560.0,1.023392241960603,1.6070283612980127,1.0,1.6596267701100986,1.3753757769677377,1.6596267701100986,1.3,0.028861308116627266,0.9585605234460196,65.42529989094875,,,,,
training_Amsterdam_GE3T_110,Amsterdam,z_score,,,0.16188427173928702,1.9320201288310521,0.09093690419246903,2.091548174439241,1.2294307373853643,22.999993160229586,,,,,597.4956912796584,203.09115696894682,,,
training_Amsterdam_GE3T_110,Amsterdam,percentile,,,0.6099412494387022,1.0,0.5943076236748632,1.0351528442860023,0.8451807305710544,1.741779514597509,,,,,,,68.21858283996582,989.8718945312505,"[1, 99]"
training_Amsterdam_GE3T_112,Amsterdam,wm_referenced,777.9925842285156,120802.0,0.980284436738007,1.3716064853374388,1.0,1.4682822256438672,1.2556829508786655,1.4682822256438672,1.3,0.23122377322942536,0.8241758241758241,6.128815628815629,,,,,
training_Amsterdam_GE3T_112,Amsterdam,z_score,,,0.28623504045133247,1.5527015396178103,0.3500420773225685,1.8655808849509419,1.177529035583188,5.329590371593481,,,,,693.8460327978621,240.38981848776808,,,
training_Amsterdam_GE3T_112,Amsterdam,percentile,,,0.6960216977152001,1.0,0.7113367137497397,1.0750975507658045,0.9099507954490389,1.511376440980441,,,,,,,65.56223022460938,1067.0996740722655,"[1, 99]"
training_Amsterdam_GE3T_113,Amsterdam,wm_referenced,781.4209594726562,139488.0,0.9929498630807431,1.5569931923490805,1.0,1.5948364736747842,1.346573691178985,1.5948364736747842,1.3,0.4678227360308285,0.9413771712158809,3.024503722084367,,,,,
training_Amsterdam_GE3T_113,Amsterdam,z_score,,,0.23378973272457848,2.042414339216467,0.2563962426319741,2.163760140583973,1.3676968702666097,8.43912577802394,,,,,718.9381218573268,243.69638561753828,,,
training_Amsterdam_GE3T_113,Amsterdam,percentile,,,0.6144778901945145,1.0,0.6192966399580393,1.02586578176108,0.856178832678437,1.6565014495001746,,,,,,,73.39862632751465,1216.6671142578125,"[1, 99]"
training_Amsterdam_GE3T_114,Amsterdam,wm_referenced,764.9957885742188,138363.0,0.9660787472740472,1.4306763985166044,1.0,1.5267126020579254,1.2640124126245016,1.5267126020579254,1.3,0.5795486600846262,0.8565770273087346,1.9560141755263707,,,,,
training_Amsterdam_GE3T_114,Amsterdam,z_score,,,0.27607078703837873,1.8248180800202707,0.3891480877810084,2.1449570429812064,1.269239728951063,5.5119300603842944,,,,,675.6918949032778,229.48562892899628,,,
training_Amsterdam_GE3T_114,Amsterdam,percentile,,,0.6464051761501792,0.9999999999999999,0.6722218787321225,1.0730909947210863,0.873155788506429,1.596334526845575,,,,,,,89.3130899810791,1094.4614196777331,"[1, 99]"
training_Amsterdam_GE3T_115,Amsterdam,wm_referenced,794.461669921875,159825.0,1.0002903247119417,1.4506388096302685,1.0,1.5326034881987882,1.2934871385922133,1.5326034881987882,1.3,0.07024690331698395,0.8922914466737064,24.404435058078143,,,,,
training_Amsterdam_GE3T_115,Amsterdam,z_score,,,0.1967715912973699,1.7871999215291479,0.19574629497174306,2.0766623073021497,1.2322108894076889,10.608948218416732,,,,,750.4263554397303,224.96116459574077,,,
training_Amsterdam_GE3T_115,Amsterdam,percentile,,,0.6571204618293469,1.0000000000000002,0.6568994187782792,1.0624050309372688,0.8803502305596812,1.6173024371267688,,,,,,,109.00664627075196,1152.476931152344,"[1, 99]"
training_Amsterdam_GE3T_116,Amsterdam,wm_referenced,647.7651977539062,135713.0,1.014868484220038,1.630231849003838,1.0,1.717394870528885,1.3724147353454283,1.717394870528885,1.3,0.020649123735903004,0.9543230016313213,91.43230016313214,,,,,
training_Amsterdam_GE3T_116,Amsterdam,z_score,,,0.11764878041546736,2.0093679670910425,0.07194083209502915,2.2773201553814175,1.216799529526865,31.655460314571094,,,,,632.606285592509,210.7136061669856,,,
training_Amsterdam_GE3T_116,Amsterdam,percentile,,,0.5726731814963819,0.9999999999999999,0.5623480591031235,1.0605286222922077,0.8209640462198435,1.8858936296208106,,,,,,,123.20625,1056.0074560546875,"[1, 99]"
training_Amsterdam_GE3T_126,Amsterdam,wm_referenced,781.91845703125,180893.0,0.909822236473917,1.4828142202078347,1.0,1.5886729573258882,1.35464842893799,1.5886729573258882,1.3,0.3730165323585611,0.9500634786288616,4.093948370715193,,,,,
training_Amsterdam_GE3T_126,Amsterdam,z_score,,,0.2515189784580114,1.9155128786138431,0.513399166483083,2.222931303030124,1.5433137886860808,4.329830370114891,,,,,643.6849137794959,269.25159267142874,,,
training_Amsterdam_GE3T_126,Amsterdam,percentile,,,0.5937291216803829,1.0,0.6576682346744201,1.0750574586166084,0.9091260784306042,1.634650119826477,,,,,,,56.646002006530765,1159.4398071289063,"[1, 99]"
training_Amsterdam_GE3T_132,Amsterdam,wm_referenced,793.323486328125,139312.0,0.937788298522859,2.0257324078852657,1.0,1.8816246919096844,1.479416843388718,1.8816246919096844,1.3,0.5697622252131,0.974477021242226,2.420644535982554,,,,,
training_Amsterdam_GE3T_132,Amsterdam,z_score,,,0.18808178227798944,2.9343677281316856,0.3451221301819324,2.5705981266723312,1.5553090578684896,7.4483723350839055,,,,,684.8599023608308,314.2759460545669,,,
training_Amsterdam_GE3T_132,Amsterdam,percentile,,,0.44618781366172716,1.0,0.47785635078085453,0.926642730480499,0.7219009555722722,1.9391658789640287,,,,,,,48.60565757751465,1607.0610961914062,"[1, 99]"
training_Amsterdam_GE3T_137,Amsterdam,wm_referenced,744.9925231933594,140810.0,0.9915868132426318,1.3889160797094375,1.0,1.4273960072366303,1.2373895206500598,1.4273960072366303,1.3,0.26166633942011913,0.783307210031348,4.987068965517241,,,,,
training_Amsterdam_GE3T_137,Amsterdam,z_score,,,0.26635088084445613,1.58170648506808,0.29420267351276397,1.709094001152904,1.0800789296155902,5.809240210996094,,,,,678.7852189489254,225.0397776944797,,,
training_Amsterdam_GE3T_137,Amsterdam,percentile,,,0.6955023509023521,0.9999999999999999,0.7019498890155611,1.0294895152669477,0.8838759565341732,1.466613972559693,,,,,,,62.61512226104737,1034.732094726563,"[1, 99]"
training_Amsterdam_GE3T_144,Amsterdam,wm_referenced,592.7059326171875,142132.0,1.018203730779061,1.434921595272278,1.0,1.4287194876187508,1.215903417337271,1.4287194876187508,1.3,0.038333533822526966,0.7563291139240507,38.460443037974684,,,,,
training_Amsterdam_GE3T_144,Amsterdam,z_score,,,0.2165805599424039,1.6632336539151356,0.15338556472567239,1.6417027837734417,0.9029030999772307,10.703111382805812,,,,,566.5179838536069,170.73281185499647,,,
training_Amsterdam_GE3T_144,Amsterdam,percentile,,,0.6786431052833883,0.9999999999999999,0.6646050836532609,0.9952171715540452,0.8311015496461159,1.4974564535128834,,,,,,,81.89823890686036,850.4865423583981,"[1, 99]"
training_Singapore_Singapore_50,Singapore,wm_referenced,276.1821746826172,141174.0,0.9880430665957638,1.500981065338849,1.0,1.4428379201513823,1.2501570314712118,1.4428379201513823,1.3,0.5224523737526459,0.8072655063660787,2.0902931900478916,,,,,
training_Singapore_Singapore_50,Singapore,z_score,,,0.2115497068556485,2.0065807515708745,0.25339310062407683,1.8031083028448391,1.1288198357167503,7.1158539770972435,,,,,256.18432315160584,78.92026847518356,,,
training_Singapore_Singapore_50,Singapore,percentile,,,0.6189958260645005,1.0,0.6278772923345879,0.956811971317301,0.8136909254898574,1.5238836998861045,,,,,,,42.72589450836182,414.54421478271485,"[1, 99]"
training_Singapore_Singapore_51,Singapore,wm_referenced,322.80291748046875,118817.0,0.9487656280636658,1.4383271602288836,1.0,1.3849533155233802,1.2080818192698801,1.3849533155233802,1.3,0.6861281826163301,0.7051658019399955,1.0554928942025716,,,,,
training_Singapore_Singapore_51,Singapore,z_score,,,0.3427081786199718,1.8545106390949968,0.5009237336936547,1.6896882328207226,1.1434958838399614,3.373144690832456,,,,,270.44030603719557,104.53210323489304,,,
training_Singapore_Singapore_51,Singapore,percentile,,,0.642486501643577,1.0,0.6799015727706755,0.961022529983101,0.8318580772421869,1.413473020906285,,,,,,,22.26564645767212,464.29620361328125,"[1, 99]"
training_Singapore_Singapore_52,Singapore,wm_referenced,290.739501953125,119702.0,0.9798306950638567,1.363382836399302,1.0,1.3595484159046882,1.188114971084141,1.3595484159046882,1.3,0.2162938641493946,0.6395631067961165,4.913834951456311,,,,,
training_Singapore_Singapore_52,Singapore,z_score,,,0.28216293144804605,1.5689530674500085,0.34982951401874907,1.5560888595940097,0.9809418534846462,4.448134869234079,,,,,260.4231334430429,86.66040827091935,,,
training_Singapore_Singapore_52,Singapore,percentile,,,0.6988736776794122,1.0,0.714708574593393,0.9969896011067663,0.8623974108981018,1.394959619274145,,,,,,,26.06705883026123,396.38924682617187,"[1, 99]"
training_Singapore_Singapore_53,Singapore,wm_referenced,235.23963928222656,146524.0,1.0274379381013987,1.4372001908324532,1.0,1.3164648774556624,1.1384355825335766,1.3164648774556624,1.3,0.017440912795436022,0.5616797900262467,63.40944881889764,,,,,
training_Singapore_Singapore_53,Singapore,z_score,,,0.16435900574828483,1.7120900645446837,0.06072196083790207,1.2560553928263403,0.5836130990570633,20.68535626145858,,,,,231.45788991333563,62.27976364245464,,,
training_Singapore_Singapore_53,Singapore,percentile,,,0.6812323895574952,1.0,0.659887509921174,0.9060760060629427,0.7675811287216545,1.3730764599123522,,,,,,,35.69586845397949,338.0864544677734,"[1, 99]"
training_Singapore_Singapore_54,Singapore,wm_referenced,289.76898193359375,104099.0,1.0258034891497239,1.4351628494547217,1.0,1.3685523662080115,1.1880368925188123,1.3685523662080115,1.3,0.013481453586895124,0.683206106870229,100.35496183206106,,,,,
training_Singapore_Singapore_54,Singapore,z_score,,,0.1748845837285355,1.7168332055332651,0.0776896533316205,1.46592910317321,0.7859749776290814,18.869039058725743,,,,,283.7924409682774,76.92840306295774,,,
training_Singapore_Singapore_54,Singapore,percentile,,,0.6787139042986018,1.0,0.6584620105145892,0.9477206968489157,0.8060429501569142,1.439294418987468,,,,,,,46.663130073547364,415.8656777954102,"[1, 99]"
training_Singapore_Singapore_55,Singapore,wm_referenced,353.4744567871094,121921.0,0.9469228590242423,1.3662426520491722,1.0,1.4326584648022287,1.2605744401691805,1.4326584648022287,1.3,0.1505477899508878,0.8259067357512954,9.972020725388601,,,,,
training_Singapore_Singapore_55,Singapore,z_score,,,0.31315675359200174,1.6605581965056244,0.48370967650688484,1.8739723100874965,1.321014240972053,3.8741675039879495,,,,,300.26471323245755,110.00347137751433,,,
training_Singapore_Singapore_55,Singapore,percentile,,,0.6690133202212629,1.0,0.7109093312275201,1.0524247834555083,0.9165916534585451,1.4803924174666505,,,,,,,35.12281288146973,482.93187927246083,"[1, 99]"
training_Singapore_Singapore_57,Singapore,wm_referenced,277.33282470703125,112690.0,0.9167269683378813,1.3830715327474379,1.0,1.3740031792625633,1.2280520513462128,1.3740031792625633,1.3,0.6398613518197573,0.7115051069570245,1.223935247639237,,,,,
training_Singapore_Singapore_57,Singapore,z_score,,,0.3473356349255892,1.788894837437722,0.6047483170388654,1.7608628426093804,1.3097003168249821,2.9117283884829974,,,,,223.0764989762595,89.71720003527493,,,
training_Singapore_Singapore_57,Singapore,percentile,,,0.6415237872722649,1.0,0.7055352570969176,0.993029212172656,0.8808374733345773,1.407483470434485,,,,,,,22.7866512298584,383.5711349487302,"[1, 99]"
training_Singapore_Singapore_58,Singapore,wm_referenced,350.6710968017578,135126.0,0.9698400645281976,1.3563212243752947,1.0,1.3386920595236682,1.1912446580589908,1.3386920595236682,1.3,0.06014486109837719,0.6040515653775322,19.086556169429098,,,,,
training_Singapore_Singapore_58,Singapore,z_score,,,0.26804588453886,1.6097431781679674,0.37274828145402944,1.5485422575856382,1.0366679411866988,4.154391407372908,,,,,313.01897927645473,101.01218274817631,,,
training_Singapore_Singapore_58,Singapore,percentile,,,0.6922701269018303,1.0,0.7162845267733755,0.9859630397901827,0.8685602402350084,1.3764963543630064,,,,,,,35.2111604309082,475.6226513671876,"[1, 99]"
training_Singapore_Singapore_59,Singapore,wm_referenced,270.0484924316406,120262.0,0.9434432552385599,1.3404648597251496,1.0,1.346680379782955,1.1973163140617038,1.346680379782955,1.3,0.6705128205128205,0.6243178717598908,0.8622100954979536,,,,,
training_Singapore_Singapore_59,Singapore,z_score,,,0.36666836993245067,1.6458372859787227,0.5488892593602465,1.6658631484636832,1.184625180842275,3.034971298956217,,,,,224.0426770356025,83.81620629571042,,,
training_Singapore_Singapore_59,Singapore,percentile,,,0.6848335137132304,1.0,0.7297297871674948,1.0049340479080393,0.8863648132898186,1.3771317350341037,,,,,,,21.80496047973633,361.9905145263673,"[1, 99]"
training_Singapore_Singapore_60,Singapore,wm_referenced,239.6849822998047,135451.0,0.9470538410535526,1.5071271565849111,1.0,1.5300814648846017,1.27541942813198,1.5300814648846017,1.3,0.6477635364896678,0.8694003651172588,1.6843140008425783,,,,,
training_Singapore_Singapore_60,Singapore,z_score,,,0.28965428669647647,2.0236047911907056,0.45357214614515384,2.0946698345570427,1.3062527561897146,4.618162407809536,,,,,204.5697629680006,77.41925872266062,,,
training_Singapore_Singapore_60,Singapore,percentile,,,0.6087217191527718,1.0,0.6457109515899134,1.016036333173665,0.8381244041915025,1.5735157204193475,,,,,,,18.15214195251465,361.23574584960943,"[1, 99]"
training_Singapore_Singapore_61,Singapore,wm_referenced,339.6358337402344,88737.0,0.9752269415546706,1.3590928519756205,1.0,1.3401563833908083,1.2031748320879145,1.3401563833908083,1.3,0.49312602291325697,0.6212371134020619,1.5195876288659793,,,,,
training_Singapore_Singapore_61,Singapore,z_score,,,0.26881720126875963,1.7425784237476276,0.36392742571899134,1.6698763881321659,1.143968530662291,4.588487346984315,,,,,307.4414059203653,88.46386819092933,,,
training_Singapore_Singapore_61,Singapore,percentile,,,0.6882211644855931,1.0,0.7083420324880298,0.9846196550309625,0.8733621888356979,1.390034206458871,,,,,,,43.432847023010254,461.5966339111328,"[1, 99]"
training_Singapore_Singapore_62,Singapore,wm_referenced,282.45343017578125,136637.0,0.9581175231761148,1.6342530496138807,1.0,1.4928975237681994,1.2187486183792138,1.4928975237681994,1.3,0.7465606990146867,0.7857072979847388,1.1048718450401096,,,,,
training_Singapore_Singapore_62,Singapore,z_score,,,0.24239645093337658,2.3023250334565213,0.3699964774708455,1.8716683431902836,1.0364405759799415,5.058611249448354,,,,,248.15090949647268,92.7103979848335,,,
training_Singapore_Singapore_62,Singapore,percentile,,,0.5633293910125463,1.0,0.5903784750282082,0.908707942208008,0.7316535429218748,1.5391955849416599,,,,,,,24.252880687713624,461.6003796386719,"[1, 99]"
training_Singapore_Singapore_64,Singapore,wm_referenced,204.84706115722656,144919.0,0.9694903267870936,1.3697675602801578,1.0,1.3409739113049772,1.2127385788913803,1.3409739113049772,1.3,0.4960934750475118,0.6487481590574374,1.6154270986745214,,,,,
training_Singapore_Singapore_64,Singapore,z_score,,,0.2771478432740088,1.7543878957745525,0.3897450821064525,1.648123716938822,1.1748658013337654,4.228722292097233,,,,,183.21388947409008,55.50595164977023,,,
training_Singapore_Singapore_64,Singapore,percentile,,,0.6776832237257102,1.0,0.702250645233425,0.9768143792894115,0.873554949350515,1.390976834154026,,,,,,,26.198359851837157,280.59285919189455,"[1, 99]"
training_Singapore_Singapore_65,Singapore,wm_referenced,201.75047302246094,140059.0,0.9578574411172841,1.45193163715494,1.0,1.3707795366164321,1.2013175243321337,1.3707795366164321,1.3,0.4117527450183001,0.6713078070611636,2.260732637162274,,,,,
training_Singapore_Singapore_65,Singapore,z_score,,,0.29247547478882313,1.8648825744653263,0.42659553067748796,1.6066133912864384,1.0672950593875807,3.766128043430113,,,,,174.70727555476424,63.39306327178033,,,
training_Singapore_Singapore_65,Singapore,percentile,,,0.6373316493544574,0.9999999999999999,0.6682658135843423,0.9404314196334213,0.8160401662850332,1.4072714786789384,,,,,,,18.077049236297604,292.92789459228527,"[1, 99]"
training_Singapore_Singapore_66,Singapore,wm_referenced,248.04010772705078,148420.0,0.9730382961666062,1.3693800024625427,1.0,1.3783340484221505,1.2165972293843033,1.3783340484221505,1.3,0.3765818569335287,0.7092323130958355,2.7666833918715503,,,,,
training_Singapore_Singapore_66,Singapore,z_score,,,0.28613085000970223,1.6176389724946536,0.3767085688818925,1.6477200483313186,1.1043659555551877,4.373991420534741,,,,,220.22675362179095,73.83254962267665,,,
training_Singapore_Singapore_66,Singapore,percentile,,,0.6836914498588756,1.0,0.7052087853131148,1.0071459582738582,0.8780686042592893,1.428152880748192,,,,,,,28.86134624481201,339.6611633300781,"[1, 99]"
training_Singapore_Singapore_68,Singapore,wm_referenced,312.90032958984375,107893.0,0.9334302014275072,1.6045952577547622,1.0,1.4853645983592503,1.2492036276184475,1.4853645983592503,1.3,0.753822059810575,0.8258169934640522,1.1910130718954248,,,,,
training_Singapore_Singapore_68,Singapore,z_score,,,0.23446623802206873,2.360038173029292,0.4452920166153166,1.9824360600850612,1.234517009743512,4.451991021877377,,,,,268.9052143547942,98.80059285468052,,,
training_Singapore_Singapore_68,Singapore,percentile,,,0.548564743924727,1.0,0.5933405465118026,0.9198037461145894,0.7609584854796606,1.55021218678217,,,,,,,36.87819404602051,502.0783850097653,"[1, 99]"
training_Utrecht_Utrecht_0,Utrecht,wm_referenced,434.923828125,190006.0,0.9164546902295212,1.62923014873294,1.0,1.6994148860926617,1.4073343566581793,1.6994148860926617,1.3,0.527976153511768,0.9685577580314423,2.6689450899977216,,,,,
training_Utrecht_Utrecht_0,Utrecht,z_score,,,0.2872872585186831,2.211742026239248,0.5128550271481894,2.4012369798347697,1.6126355195533753,4.682096991789714,,,,,352.30998053073114,161.08616123674574,,,
training_Utrecht_Utrecht_0,Utrecht,percentile,,,0.5553645680879677,1.0,0.6074808474166888,1.0437818399010195,0.8615795056190889,1.7182135771682348,,,,,,,11.383798561096192,708.5910131835934,"[1, 99]"
training_Utrecht_Utrecht_11,Utrecht,wm_referenced,406.1056823730469,179247.0,0.9749510624680296,1.4206898829970471,1.0,1.4489432130750175,1.2404506528799182,1.4489432130750175,1.3,0.05714062071934562,0.8165548098434005,27.58053691275168,,,,,
training_Utrecht_Utrecht_11,Utrecht,z_score,,,0.2821108482220398,1.5660533546074769,0.3542638538743633,1.647436554282549,1.0468775543239945,4.650309469243223,,,,,356.1596732938835,140.9853377163235,,,
training_Utrecht_Utrecht_11,Utrecht,percentile,,,0.6758179339691179,1.0,0.6940358139180868,1.0205484074868294,0.8689135356668296,1.470454963592526,,,,,,,18.569352645874023,576.9502343749999,"[1, 99]"
training_Utrecht_Utrecht_17,Utrecht,wm_referenced,512.57958984375,173022.0,0.9553447420989309,1.3810851818458072,1.0,1.4899233207876446,1.3286397382075763,1.4899233207876446,1.3,0.13312327688066167,0.9300314465408805,12.97248427672956,,,,,
training_Utrecht_Utrecht_17,Utrecht,z_score,,,0.304243062828244,1.6062159936279454,0.44080499488158276,1.9390580201573948,1.4458306001206829,4.398902105631314,,,,,438.69552757312607,167.61167211926,,,
training_Utrecht_Utrecht_17,Utrecht,percentile,,,0.6732289970958008,1.0,0.7075035034545429,1.0835371613685465,0.9597462476770835,1.5314937043815835,,,,,,,40.091030235290525,707.9160760498047,"[1, 99]"
training_Utrecht_Utrecht_2,Utrecht,wm_referenced,413.3501892089844,153280.0,0.9242895668322104,1.7519396612347327,1.0,1.6664000178963532,1.284674468364246,1.6664000178963532,1.3,0.5473476999585578,0.8909688843916013,2.255586474407623,,,,,
training_Utrecht_Utrecht_2,Utrecht,z_score,,,0.16970512179926328,2.626943379301276,0.3944843783113314,2.372981849464347,1.2396640011127373,6.015401318608272,,,,,358.42804918714364,139.22513296203476,,,
training_Utrecht_Utrecht_2,Utrecht,percentile,,,0.5127340923608461,1.0,0.5573074128796919,0.9496398873965042,0.7249050053252455,1.703978568111217,,,,,,,22.06473541259766,724.1645904541007,"[1, 99]"
training_Utrecht_Utrecht_21,Utrecht,wm_referenced,481.1846466064453,198386.0,0.9091787367000205,1.5587212967771582,1.0,1.5796049819950375,1.315225659227199,1.5796049819950375,1.3,0.6468512273547172,0.9143110519898016,1.826959317148875,,,,,
training_Utrecht_Utrecht_21,Utrecht,z_score,,,0.3205212186945044,2.1103147052436406,0.5707762681483282,2.167859023469168,1.4393703624460084,3.798088926335326,,,,,381.5105383936337,174.6290337826541,,,
training_Utrecht_Utrecht_21,Utrecht,percentile,,,0.5751650958046197,1.0,0.6345669657734915,1.013659025526719,0.8407410811721941,1.5974027647202556,,,,,,,14.335420417785645,750.0327563476571,"[1, 99]"
training_Utrecht_Utrecht_23,Utrecht,wm_referenced,496.2425537109375,156961.0,0.8972908962592175,1.3324542540020599,1.0,1.4919807518364938,1.262742806722098,1.4919807518364938,1.3,0.06634169539888242,0.8403614457831325,24.33433734939759,,,,,
training_Utrecht_Utrecht_23,Utrecht,z_score,,,0.3360810653674472,1.616173468036459,0.6382139105258274,2.0854424316768436,1.4111077324814105,3.26762296666119,,,,,388.5783660318724,168.69608434319468,,,
training_Utrecht_Utrecht_23,Utrecht,percentile,,,0.6589657332469998,1.0,0.7394580891861109,1.1250197224757836,0.9453676604787543,1.5214110697119339,,,,,,,28.00971622467041,661.2205017089843,"[1, 99]"
training_Utrecht_Utrecht_25,Utrecht,wm_referenced,545.445068359375,160386.0,0.8704018722167739,1.5848855635024264,1.0,1.632593795473253,1.3940909333019418,1.632593795473253,1.3,0.7129601915594134,0.9535628502802241,1.6749399519615693,,,,,
training_Utrecht_Utrecht_25,Utrecht,z_score,,,0.3137836107481678,2.3114530340809716,0.6761350826591224,2.4448434493022,1.7779984520711842,3.6159097671534117,,,,,413.54251944573366,195.0831310141332,,,
training_Utrecht_Utrecht_25,Utrecht,percentile,,,0.5364284480947715,1.0,0.6205143494991506,1.0309540713148744,0.8762085630561138,1.6614508143881137,,,,,,,23.79605302810669,864.4680145263675,"[1, 99]"
training_Utrecht_Utrecht_29,Utrecht,wm_referenced,519.4947814941406,157908.0,0.8537317146028518,1.7043252883411388,1.0,1.6151778746217207,1.3435704280228788,1.6151778746217207,1.3,0.80183282127344,0.9412386519089665,1.347717945529163,,,,,
training_Utrecht_Utrecht_29,Utrecht,z_score,,,0.22898988633469974,2.6024663207973906,0.6371334924210195,2.353711460439796,1.5958243874235543,3.6942202669271347,,,,,400.877272940864,186.17371393010035,,,
training_Utrecht_Utrecht_29,Utrecht,percentile,,,0.48972861274015367,1.0,0.5774750091462547,0.9465204348190488,0.7835830310517138,1.6390673532667583,,,,,,,19.419642429351807,885.3880932617182,"[1, 99]"
training_Utrecht_Utrecht_31,Utrecht,wm_referenced,531.328857421875,157243.0,0.9396301410682146,1.953168941374968,1.0,1.6684981962695795,1.352896559931591,1.6684981962695795,1.3,0.7875873977890264,0.9429243179699217,1.3944626859621387,,,,,
training_Utrecht_Utrecht_31,Utrecht,z_score,,,0.12243624814072815,3.088245851506529,0.29909007463413784,2.255244461352217,1.3317333302481318,7.540352063206867,,,,,477.0210190394956,181.57686592847148,,,
training_Utrecht_Utrecht_31,Utrecht,percentile,,,0.4588787990016424,0.9999999999999999,0.4911098399439154,0.8480163014638378,0.6795188187423357,1.7267344949974552,,,,,,,42.5776212310791,1037.775021972655,"[1, 99]"
training_Utrecht_Utrecht_35,Utrecht,wm_referenced,497.31378173828125,163128.0,0.9868198152943014,1.3854428865821986,1.0,1.6133941761580681,1.3019141042041171,1.6133941761580681,1.3,0.13505244755244755,0.9017509727626459,12.354085603112841,,,,,
training_Utrecht_Utrecht_35,Utrecht,z_score,,,0.2394053790146592,1.6347363459068258,0.28554099231421504,2.43265176073864,1.342354130541379,8.519448437237696,,,,,456.7457294419525,142.07435495526627,,,
training_Utrecht_Utrecht_35,Utrecht,percentile,,,0.6956640898643083,1.0,0.7057267375058651,1.1740334872127185,0.9362284578124683,1.6635808519341544,,,,,,,37.61188323974609,688.9998413085939,"[1, 99]"
training_Utrecht_Utrecht_37,Utrecht,wm_referenced,486.5915069580078,156308.0,0.9623569514514619,1.9635564461653732,1.0,1.6992501644989515,1.3708560759686466,1.6992501644989515,1.3,0.7932413180348964,0.9512454993019326,1.3983760746564773,,,,,
training_Utrecht_Utrecht_37,Utrecht,z_score,,,0.14324746908879218,2.9951666988515306,0.2504737857112792,2.242289603715816,1.3068582326806157,8.952192730861265,,,,,443.8046678056161,170.82362144560733,,,
training_Utrecht_Utrecht_37,Utrecht,percentile,,,0.46713970345713507,1.0,0.48717415824687016,0.859330408804136,0.6845518833243721,1.7639080280786974,,,,,,,41.18554344177246,955.4498901367193,"[1, 99]"
training_Utrecht_Utrecht_39,Utrecht,wm_referenced,526.9856872558594,155940.0,0.9296793650457222,2.0328575785862,1.0,1.8429496138784511,1.4025531340232347,1.8429496138784511,1.3,0.7073798119567145,0.9607854948497079,1.7164628636829107,,,,,
training_Utrecht_Utrecht_39,Utrecht,z_score,,,0.18260254380672028,3.2413530198943556,0.37757854406226693,2.714800672927301,1.4937260306886055,7.190028977069205,,,,,455.22150275245775,190.06425452916335,,,
training_Utrecht_Utrecht_39,Utrecht,percentile,,,0.4416947111822387,1.0,0.4772831427938423,0.9038898522617871,0.6810104653576599,1.8938231234624041,,,,,,,29.994313983917237,1071.286848144531,"[1, 99]"
training_Utrecht_Utrecht_4,Utrecht,wm_referenced,431.9683532714844,144410.0,0.9502006713087399,1.886700397654807,1.0,1.7007561919721725,1.432861164024289,1.7007561919721725,1.3,0.4459664836166893,0.9746678476527901,3.3710363153232947,,,,,
training_Utrecht_Utrecht_4,Utrecht,z_score,,,0.07428843856028022,2.92573903748194,0.2259172341997963,2.359576868136223,1.543891164873299,10.444430574293701,,,,,399.9172416761563,141.8710339158222,,,
training_Utrecht_Utrecht_4,Utrecht,percentile,,,0.4798718000568616,1.0,0.5075301479045685,0.8967273323518026,0.7479395060019645,1.7668454495838448,,,,,,,37.22845039367676,814.9948638916017,"[1, 99]"
training_Utrecht_Utrecht_41,Utrecht,wm_referenced,537.280517578125,156639.0,0.9419349220998219,1.7486430289712231,1.0,1.6968764725421581,1.378929509279089,1.6968764725421581,1.3,0.7668991416309013,0.9560274201638522,1.4932285570974753,,,,,
training_Utrecht_Utrecht_41,Utrecht,z_score,,,0.22050234093438278,2.8135455138811185,0.4071438938742732,2.6471496210024235,1.6251564174806994,6.501754443159765,,,,,469.22619859248283,167.15053328702868,,,
training_Utrecht_Utrecht_41,Utrecht,percentile,,,0.5117907200993763,0.9999999999999999,0.5469309518976649,0.968671551677864,0.7762541746128809,1.7711039178106527,,,,,,,51.71930694580078,939.511831665039,"[1, 99]"
training_Utrecht_Utrecht_49,Utrecht,wm_referenced,480.42454528808594,168782.0,0.9890027356747094,1.6431242419629348,1.0,1.6198029271176277,1.321536219843397,1.6198029271176277,1.3,0.5280861888373485,0.9148693488179179,2.464848610535048,,,,,
training_Utrecht_Utrecht_49,Utrecht,z_score,,,0.1818177678840721,2.3758153827116453,0.21870383792972573,2.2975930514576395,1.297172734970156,10.505499460854939,,,,,449.0986227886985,143.2344434186525,,,
training_Utrecht_Utrecht_49,Utrecht,percentile,,,0.5717779386569856,1.0,0.5789773215747441,0.9847326507074261,0.7894717045512156,1.700813855763952,,,,,,,55.534915924072266,789.3972167968739,"[1, 99]"
training_Utrecht_Utrecht_8,Utrecht,wm_referenced,432.1254577636719,190420.0,0.9953737625166077,1.4882260119731185,1.0,1.379365668666706,1.1474592629164344,1.379365668666706,1.3,0.017225439151379494,0.6483516483516484,74.27838827838828,,,,,
training_Utrecht_Utrecht_8,Utrecht,z_score,,,0.2009189615509992,1.7393617024086339,0.21535980357141585,1.399553159155149,0.6756552224442551,6.498674014118149,,,,,402.31216772110645,138.43479399663823,,,
training_Utrecht_Utrecht_8,Utrecht,percentile,,,0.6523713957682802,1.0000000000000002,0.6556344679790078,0.9232164015858201,0.7596434439047666,1.4081267027214617,,,,,,,30.452246627807618,643.1003466796876,"[1, 99]"
training_Amsterdam_GE3T_100,Amsterdam,wm_referenced,880.5067749023438,140297.0,1.0171301247734768,1.3902777241139277,1.0,1.429475823297616,1.227247048655771,1.429475823297616,1.3,0.1520582165743456,0.7847533632286996,9.321748878923767,,,,,
training_Amsterdam_GE3T_100,Amsterdam,z_score,,,0.23728962339906423,1.5589879177263313,0.17661428545039237,1.6978285827166022,0.9815291157484259,9.613200757724043,,,,,836.6024955633078,248.588494566414,,,
training_Amsterdam_GE3T_100,Amsterdam,percentile,,,0.7023592469289475,0.9999999999999999,0.6886954226224513,1.0312663186916073,0.8699587693909414,1.4974200275133183,,,,,,,120.27125732421875,1224.148955078125,"[1, 99]"
training_Amsterdam_GE3T_103,Amsterdam,wm_referenced,806.5077514648438,119477.0,0.9559380354951024,1.49183685296829,1.0,1.4924398487856239,1.262375468477215,1.4924398487856239,1.3,0.6224085193157358,0.8503327658257236,1.732394366197183,,,,,
training_Amsterdam_GE3T_103,Amsterdam,z_score,,,0.2319449406417145,2.0530941179817166,0.3816810620767903,2.055143283422789,1.2733136856090952,5.38445180444744,,,,,715.9248068027724,237.3262748987189,,,
training_Amsterdam_GE3T_103,Amsterdam,percentile,,,0.6117141301908441,1.0,0.6436392579490152,1.0004369010488376,0.8337435904695054,1.5543441278531918,,,,,,,90.06369583129883,1203.177985839844,"[1, 99]"
training_Amsterdam_GE3T_107,Amsterdam,wm_referenced,792.235107421875,119600.0,0.9697115480917535,1.4070214360885003,1.0,1.6193519558581755,1.3447614865354183,1.6193519558581755,1.3,0.2468916518650089,0.9397183098591549,6.612394366197183,,,,,
training_Amsterdam_GE3T_107,Amsterdam,z_score,,,0.2797242463322377,1.6571990403537507,0.3751293130794423,2.3260152437193375,1.461087510428639,6.200569144077392,,,,,697.8853642134712,251.51258491074788,,,
training_Amsterdam_GE3T_107,Amsterdam,percentile,,,0.6631991655092304,0.9999999999999999,0.6865262755475171,1.1635295661250116,0.952049556755078,1.6948070417218566,,,,,,,86.03563934326172,1114.691778564454,"[1, 99]"
training_Amsterdam_GE3T_108,Amsterdam,wm_referenced,711.5003051757812,122225.0,1.0432184480331976,1.5105425555541927,1.0,1.5369743783702823,1.2811102062832986,1.5369743783702823,1.3,0.017032013877937235,0.8729792147806005,101.51039260969976,,,,,
training_Amsterdam_GE3T_108,Amsterdam,z_score,,,0.19056981642483314,1.6635212410866147,0.05435027718501408,1.746831283189713,0.9403770670898122,32.14024607902762,,,,,699.2313772709584,225.73809261465385,,,
training_Amsterdam_GE3T_108,Amsterdam,percentile,,,0.671889690622434,0.9999999999999999,0.6415458283504589,1.0185578989442794,0.8389145394192769,1.5876619470244129,,,,,,,61.36899070739746,1074.7514892578126,"[1, 99]"
training_Singapore_Singapore_56,Singapore,wm_referenced,277.20729064941406,129184.0,0.9633377602106935,1.4050500309433718,1.0,1.4131608658463501,1.2482354516749743,1.4131608658463501,1.3,0.6755915317559154,0.7945807396558038,1.3522519223727572,,,,,
training_Singapore_Singapore_56,Singapore,z_score,,,0.30590046188722886,1.7948529434433622,0.42948392680466724,1.8221934738213164,1.2662521496312105,4.242751265171478,,,,,241.88814500486635,82.23624550357422,,,
training_Singapore_Singapore_56,Singapore,percentile,,,0.6650002668125319,1.0,0.6928053366764514,1.006151351702135,0.8810699957968546,1.4522857986759707,,,,,,,23.979785919189453,389.4901123046875,"[1, 99]"
training_Singapore_Singapore_63,Singapore,wm_referenced,177.82485961914062,130983.0,0.9347626508825778,1.51952493793939,1.0,1.4321338810169617,1.2423229073797422,1.4321338810169617,1.3,0.6956426618049225,0.7973752403243334,1.2924851625846359,,,,,
training_Singapore_Singapore_63,Singapore,z_score,,,0.297223907316345,2.010624195080672,0.4883745598547727,1.7545614061608212,1.1984000666740944,3.592655208499339,,,,,148.18569029319158,60.689421117190875,,,
training_Singapore_Singapore_63,Singapore,percentile,,,0.594197329736142,0.9999999999999999,0.6394695558333997,0.9393539476788166,0.8076323889321888,1.468958043600039,,,,,,,13.963405961990357,270.20930877685544,"[1, 99]"
training_Singapore_Singapore_67,Singapore,wm_referenced,415.04815673828125,91360.0,0.9394709954149534,1.4586064070066698,1.0,1.338821325826831,1.1845877274159728,1.338821325826831,1.3,0.6174520535754016,0.59056860742254,0.9129213483146067,,,,,
training_Singapore_Singapore_67,Singapore,z_score,,,0.2562860338473153,2.0072812576757184,0.4604447091465814,1.6032573742178293,1.0830418617694577,3.481975886289175,,,,,358.38879613574943,123.05355991069594,,,
training_Singapore_Singapore_67,Singapore,percentile,,,0.6188600875801383,1.0,0.6632993976161679,0.9120559408380413,0.7988203978989152,1.3750290504045077,,,,,,,40.071427345275886,605.3919006347655,"[1, 99]"
training_Singapore_Singapore_69,Singapore,wm_referenced,384.1767578125,114691.0,0.9171288005500805,1.364805069687872,1.0,1.3654317394387858,1.1747112331817477,1.3654317394387858,1.3,0.5315706121324795,0.6585906841835865,1.4779047944036854,,,,,
training_Singapore_Singapore_69,Singapore,z_score,,,0.3105482468198361,1.708249500705578,0.569282487089598,1.7102060419765985,1.1147527890029922,3.0041430761727144,,,,,314.12667878946104,123.04976986234593,,,
training_Singapore_Singapore_69,Singapore,percentile,,,0.6519550656581892,1.0,0.7163830980551816,1.0004872030244776,0.8522119634060992,1.3965812506472786,,,,,,,30.17519916534424,524.3263867187497,"[1, 99]"
training_Utrecht_Utrecht_19,Utrecht,wm_referenced,463.5464782714844,134119.0,0.9624800791547261,1.8714653163822281,1.0,1.6989064347185827,1.3510477737535775,1.6989064347185827,1.3,0.2645152844144793,0.9362835959221502,6.079240037071362,,,,,
training_Utrecht_Utrecht_19,Utrecht,z_score,,,0.18498591928197408,2.793476064469828,0.29265581287853,2.298288547830765,1.30004803535217,7.853213388195009,,,,,416.27294422202056,161.5328722996704,,,
training_Utrecht_Utrecht_19,Utrecht,percentile,,,0.49641527992875834,1.0,0.5172016008305064,0.9044010699409801,0.7116847317298947,1.7486432147323612,,,,,,,30.79612392425538,867.5111566162112,"[1, 99]"
training_Utrecht_Utrecht_27,Utrecht,wm_referenced,496.130126953125,158776.0,0.9446727639065836,1.4975167728842729,1.0,1.6131649303274513,1.372973512276905,1.6131649303274513,1.3,0.03569245813470236,0.9511400651465798,52.29641693811075,,,,,
training_Utrecht_Utrecht_27,Utrecht,z_score,,,0.2725889118819236,1.908932191781409,0.4363500262409069,2.2512350515245085,1.540301033186614,5.159241242446062,,,,,422.9894801394634,167.61921030177953,,,
training_Utrecht_Utrecht_27,Utrecht,percentile,,,0.6154276269886578,1.0,0.6539146615428526,1.0804478037567145,0.913364535933176,1.6522764625088775,,,,,,,29.748750019073487,742.9631866455084,"[1, 99]"
training_Utrecht_Utrecht_33,Utrecht,wm_referenced,468.82794189453125,154725.0,0.970311121445041,1.4556839129743662,1.0,1.6080492865964864,1.2769027337511718,1.6080492865964864,1.3,0.09290341578327443,0.8812849162011173,17.972067039106147,,,,,
training_Utrecht_Utrecht_33,Utrecht,z_score,,,0.21796901606791252,1.7509134267174684,0.31173488270390465,2.2321263252292076,1.1862719507171104,7.160335429478868,,,,,422.5527838501609,148.44395225517295,,,
training_Utrecht_Utrecht_33,Utrecht,percentile,,,0.6539316994815011,1.0000000000000002,0.6750997169829395,1.108635726656894,0.872529940000302,1.6421807012621077,,,,,,,24.91784767150879,682.46529296875,"[1, 99]"
training_Utrecht_Utrecht_6,Utrecht,wm_referenced,490.88731384277344,165500.0,0.9722301823414911,1.3872658026966147,1.0,1.4047239932645734,1.209092222817897,1.4047239932645734,1.3,0.05915062633669416,0.7515527950310559,24.411490683229815,,,,,
training_Utrecht_Utrecht_6,Utrecht,z_score,,,0.2579043950874954,1.6360522578012546,0.35011555234016334,1.6940231085862911,1.0444174046486256,4.838468606331493,,,,,439.12868448374786,147.83299117412017,,,
training_Utrecht_Utrecht_6,Utrecht,percentile,,,0.6861314320021958,1.0000000000000002,0.7071322147653198,1.0132026674450483,0.8652571402817786,1.4328334168473795,,,,,,,31.879607486724854,680.9911834716801,"[1, 99]"
