subject_key,repeat,fold
training_Amsterdam_GE3T_100,0,0
training_Amsterdam_GE3T_101,0,4
training_Amsterdam_GE3T_102,0,2
training_Amsterdam_GE3T_103,0,2
training_Amsterdam_GE3T_104,0,2
training_Amsterdam_GE3T_105,0,0
training_Amsterdam_GE3T_106,0,2
training_Amsterdam_GE3T_107,0,0
training_Amsterdam_GE3T_108,0,0
training_Amsterdam_GE3T_109,0,2
training_Amsterdam_GE3T_110,0,4
training_Amsterdam_GE3T_112,0,4
training_Amsterdam_GE3T_113,0,1
training_Amsterdam_GE3T_114,0,3
training_Amsterdam_GE3T_115,0,3
training_Amsterdam_GE3T_116,0,0
training_Amsterdam_GE3T_126,0,1
training_Amsterdam_GE3T_132,0,1
training_Amsterdam_GE3T_137,0,1
training_Amsterdam_GE3T_144,0,3
training_Singapore_Singapore_50,0,3
training_Singapore_Singapore_51,0,0
training_Singapore_Singapore_52,0,2
training_Singapore_Singapore_53,0,1
training_Singapore_Singapore_54,0,0
training_Singapore_Singapore_55,0,3
training_Singapore_Singapore_56,0,3
training_Singapore_Singapore_57,0,2
training_Singapore_Singapore_58,0,4
training_Singapore_Singapore_59,0,4
training_Singapore_Singapore_60,0,0
training_Singapore_Singapore_61,0,4
training_Singapore_Singapore_62,0,4
training_Singapore_Singapore_63,0,3
training_Singapore_Singapore_64,0,2
training_Singapore_Singapore_65,0,2
training_Singapore_Singapore_66,0,1
training_Singapore_Singapore_67,0,0
training_Singapore_Singapore_68,0,0
training_Singapore_Singapore_69,0,1
training_Utrecht_Utrecht_0,0,0
training_Utrecht_Utrecht_11,0,0
training_Utrecht_Utrecht_17,0,1
training_Utrecht_Utrecht_19,0,4
training_Utrecht_Utrecht_2,0,1
training_Utrecht_Utrecht_21,0,4
training_Utrecht_Utrecht_23,0,1
training_Utrecht_Utrecht_25,0,3
training_Utrecht_Utrecht_27,0,2
training_Utrecht_Utrecht_29,0,2
training_Utrecht_Utrecht_31,0,3
training_Utrecht_Utrecht_33,0,3
training_Utrecht_Utrecht_35,0,4
training_Utrecht_Utrecht_37,0,1
training_Utrecht_Utrecht_39,0,3
training_Utrecht_Utrecht_4,0,4
training_Utrecht_Utrecht_41,0,4
training_Utrecht_Utrecht_49,0,2
training_Utrecht_Utrecht_6,0,3
training_Utrecht_Utrecht_8,0,1
training_Amsterdam_GE3T_100,1,2
training_Amsterdam_GE3T_101,1,0
training_Amsterdam_GE3T_102,1,4
training_Amsterdam_GE3T_103,1,3
training_Amsterdam_GE3T_104,1,3
training_Amsterdam_GE3T_105,1,2
training_Amsterdam_GE3T_106,1,0
training_Amsterdam_GE3T_107,1,0
training_Amsterdam_GE3T_108,1,4
training_Amsterdam_GE3T_109,1,3
training_Amsterdam_GE3T_110,1,2
training_Amsterdam_GE3T_112,1,0
training_Amsterdam_GE3T_113,1,0
training_Amsterdam_GE3T_114,1,1
training_Amsterdam_GE3T_115,1,4
training_Amsterdam_GE3T_116,1,1
training_Amsterdam_GE3T_126,1,2
training_Amsterdam_GE3T_132,1,4
training_Amsterdam_GE3T_137,1,1
training_Amsterdam_GE3T_144,1,1
training_Singapore_Singapore_50,1,1
training_Singapore_Singapore_51,1,3
training_Singapore_Singapore_52,1,2
training_Singapore_Singapore_53,1,3
training_Singapore_Singapore_54,1,4
training_Singapore_Singapore_55,1,2
training_Singapore_Singapore_56,1,3
training_Singapore_Singapore_57,1,4
training_Singapore_Singapore_58,1,3
training_Singapore_Singapore_59,1,1
training_Singapore_Singapore_60,1,2
training_Singapore_Singapore_61,1,3
training_Singapore_Singapore_62,1,0
training_Singapore_Singapore_63,1,2
training_Singapore_Singapore_64,1,4
training_Singapore_Singapore_65,1,1
training_Singapore_Singapore_66,1,0
training_Singapore_Singapore_67,1,1
training_Singapore_Singapore_68,1,3
training_Singapore_Singapore_69,1,0
training_Utrecht_Utrecht_0,1,4
training_Utrecht_Utrecht_11,1,1
training_Utrecht_Utrecht_17,1,1
training_Utrecht_Utrecht_19,1,1
training_Utrecht_Utrecht_2,1,0
training_Utrecht_Utrecht_21,1,2
training_Utrecht_Utrecht_23,1,3
training_Utrecht_Utrecht_25,1,4
training_Utrecht_Utrecht_27,1,0
training_Utrecht_Utrecht_29,1,4
training_Utrecht_Utrecht_31,1,4
training_Utrecht_Utrecht_33,1,3
training_Utrecht_Utrecht_35,1,0
training_Utrecht_Utrecht_37,1,1
training_Utrecht_Utrecht_39,1,2
training_Utrecht_Utrecht_4,1,3
training_Utrecht_Utrecht_41,1,2
training_Utrecht_Utrecht_49,1,0
training_Utrecht_Utrecht_6,1,2
training_Utrecht_Utrecht_8,1,4
training_Amsterdam_GE3T_100,2,2
training_Amsterdam_GE3T_101,2,0
training_Amsterdam_GE3T_102,2,4
training_Amsterdam_GE3T_103,2,1
training_Amsterdam_GE3T_104,2,0
training_Amsterdam_GE3T_105,2,4
training_Amsterdam_GE3T_106,2,4
training_Amsterdam_GE3T_107,2,2
training_Amsterdam_GE3T_108,2,4
training_Amsterdam_GE3T_109,2,2
training_Amsterdam_GE3T_110,2,3
training_Amsterdam_GE3T_112,2,1
training_Amsterdam_GE3T_113,2,3
training_Amsterdam_GE3T_114,2,0
training_Amsterdam_GE3T_115,2,4
training_Amsterdam_GE3T_116,2,2
training_Amsterdam_GE3T_126,2,2
training_Amsterdam_GE3T_132,2,3
training_Amsterdam_GE3T_137,2,1
training_Amsterdam_GE3T_144,2,3
training_Singapore_Singapore_50,2,4
training_Singapore_Singapore_51,2,3
training_Singapore_Singapore_52,2,0
training_Singapore_Singapore_53,2,1
training_Singapore_Singapore_54,2,3
training_Singapore_Singapore_55,2,0
training_Singapore_Singapore_56,2,1
training_Singapore_Singapore_57,2,2
training_Singapore_Singapore_58,2,1
training_Singapore_Singapore_59,2,1
training_Singapore_Singapore_60,2,3
training_Singapore_Singapore_61,2,3
training_Singapore_Singapore_62,2,4
training_Singapore_Singapore_63,2,2
training_Singapore_Singapore_64,2,4
training_Singapore_Singapore_65,2,0
training_Singapore_Singapore_66,2,1
training_Singapore_Singapore_67,2,4
training_Singapore_Singapore_68,2,4
training_Singapore_Singapore_69,2,4
training_Utrecht_Utrecht_0,2,2
training_Utrecht_Utrecht_11,2,2
training_Utrecht_Utrecht_17,2,0
training_Utrecht_Utrecht_19,2,3
training_Utrecht_Utrecht_2,2,2
training_Utrecht_Utrecht_21,2,1
training_Utrecht_Utrecht_23,2,4
training_Utrecht_Utrecht_25,2,3
training_Utrecht_Utrecht_27,2,1
training_Utrecht_Utrecht_29,2,2
training_Utrecht_Utrecht_31,2,1
training_Utrecht_Utrecht_33,2,3
training_Utrecht_Utrecht_35,2,0
training_Utrecht_Utrecht_37,2,1
training_Utrecht_Utrecht_39,2,2
training_Utrecht_Utrecht_4,2,0
training_Utrecht_Utrecht_41,2,0
training_Utrecht_Utrecht_49,2,0
training_Utrecht_Utrecht_6,2,0
training_Utrecht_Utrecht_8,2,3
training_Amsterdam_GE3T_100,3,3
training_Amsterdam_GE3T_101,3,1
training_Amsterdam_GE3T_102,3,1
training_Amsterdam_GE3T_103,3,4
training_Amsterdam_GE3T_104,3,1
training_Amsterdam_GE3T_105,3,4
training_Amsterdam_GE3T_106,3,2
training_Amsterdam_GE3T_107,3,0
training_Amsterdam_GE3T_108,3,0
training_Amsterdam_GE3T_109,3,4
training_Amsterdam_GE3T_110,3,2
training_Amsterdam_GE3T_112,3,4
training_Amsterdam_GE3T_113,3,0
training_Amsterdam_GE3T_114,3,3
training_Amsterdam_GE3T_115,3,1
training_Amsterdam_GE3T_116,3,4
training_Amsterdam_GE3T_126,3,2
training_Amsterdam_GE3T_132,3,2
training_Amsterdam_GE3T_137,3,1
training_Amsterdam_GE3T_144,3,0
training_Singapore_Singapore_50,3,3
training_Singapore_Singapore_51,3,3
training_Singapore_Singapore_52,3,2
training_Singapore_Singapore_53,3,3
training_Singapore_Singapore_54,3,0
training_Singapore_Singapore_55,3,3
training_Singapore_Singapore_56,3,1
training_Singapore_Singapore_57,3,1
training_Singapore_Singapore_58,3,4
training_Singapore_Singapore_59,3,2
training_Singapore_Singapore_60,3,4
training_Singapore_Singapore_61,3,3
training_Singapore_Singapore_62,3,1
training_Singapore_Singapore_63,3,3
training_Singapore_Singapore_64,3,0
training_Singapore_Singapore_65,3,0
training_Singapore_Singapore_66,3,4
training_Singapore_Singapore_67,3,4
training_Singapore_Singapore_68,3,0
training_Singapore_Singapore_69,3,0
training_Utrecht_Utrecht_0,3,1
training_Utrecht_Utrecht_11,3,2
training_Utrecht_Utrecht_17,3,0
training_Utrecht_Utrecht_19,3,2
training_Utrecht_Utrecht_2,3,2
training_Utrecht_Utrecht_21,3,4
training_Utrecht_Utrecht_23,3,4
training_Utrecht_Utrecht_25,3,4
training_Utrecht_Utrecht_27,3,0
training_Utrecht_Utrecht_29,3,3
training_Utrecht_Utrecht_31,3,1
training_Utrecht_Utrecht_33,3,2
training_Utrecht_Utrecht_35,3,3
training_Utrecht_Utrecht_37,3,2
training_Utrecht_Utrecht_39,3,2
training_Utrecht_Utrecht_4,3,1
training_Utrecht_Utrecht_41,3,3
training_Utrecht_Utrecht_49,3,0
training_Utrecht_Utrecht_6,3,1
training_Utrecht_Utrecht_8,3,3
training_Amsterdam_GE3T_100,4,0
training_Amsterdam_GE3T_101,4,2
training_Amsterdam_GE3T_102,4,3
training_Amsterdam_GE3T_103,4,2
training_Amsterdam_GE3T_104,4,0
training_Amsterdam_GE3T_105,4,3
training_Amsterdam_GE3T_106,4,3
training_Amsterdam_GE3T_107,4,2
training_Amsterdam_GE3T_108,4,4
training_Amsterdam_GE3T_109,4,1
training_Amsterdam_GE3T_110,4,4
training_Amsterdam_GE3T_112,4,1
training_Amsterdam_GE3T_113,4,0
training_Amsterdam_GE3T_114,4,1
training_Amsterdam_GE3T_115,4,3
training_Amsterdam_GE3T_116,4,0
training_Amsterdam_GE3T_126,4,2
training_Amsterdam_GE3T_132,4,4
training_Amsterdam_GE3T_137,4,4
training_Amsterdam_GE3T_144,4,3
training_Singapore_Singapore_50,4,2
training_Singapore_Singapore_51,4,1
training_Singapore_Singapore_52,4,2
training_Singapore_Singapore_53,4,2
training_Singapore_Singapore_54,4,0
training_Singapore_Singapore_55,4,3
training_Singapore_Singapore_56,4,3
training_Singapore_Singapore_57,4,1
training_Singapore_Singapore_58,4,4
training_Singapore_Singapore_59,4,2
training_Singapore_Singapore_60,4,2
training_Singapore_Singapore_61,4,0
training_Singapore_Singapore_62,4,1
training_Singapore_Singapore_63,4,4
training_Singapore_Singapore_64,4,4
training_Singapore_Singapore_65,4,2
training_Singapore_Singapore_66,4,2
training_Singapore_Singapore_67,4,3
training_Singapore_Singapore_68,4,3
training_Singapore_Singapore_69,4,0
training_Utrecht_Utrecht_0,4,4
training_Utrecht_Utrecht_11,4,0
training_Utrecht_Utrecht_17,4,0
training_Utrecht_Utrecht_19,4,4
training_Utrecht_Utrecht_2,4,3
training_Utrecht_Utrecht_21,4,1
training_Utrecht_Utrecht_23,4,0
training_Utrecht_Utrecht_25,4,0
training_Utrecht_Utrecht_27,4,1
training_Utrecht_Utrecht_29,4,1
training_Utrecht_Utrecht_31,4,4
training_Utrecht_Utrecht_33,4,1
training_Utrecht_Utrecht_35,4,2
training_Utrecht_Utrecht_37,4,1
training_Utrecht_Utrecht_39,4,3
training_Utrecht_Utrecht_4,4,4
training_Utrecht_Utrecht_41,4,0
training_Utrecht_Utrecht_49,4,3
training_Utrecht_Utrecht_6,4,1
training_Utrecht_Utrecht_8,4,4
training_Amsterdam_GE3T_100,5,0
training_Amsterdam_GE3T_101,5,1
training_Amsterdam_GE3T_102,5,1
training_Amsterdam_GE3T_103,5,3
training_Amsterdam_GE3T_104,5,2
training_Amsterdam_GE3T_105,5,0
training_Amsterdam_GE3T_106,5,1
training_Amsterdam_GE3T_107,5,2
training_Amsterdam_GE3T_108,5,2
training_Amsterdam_GE3T_109,5,0
training_Amsterdam_GE3T_110,5,3
training_Amsterdam_GE3T_112,5,3
training_Amsterdam_GE3T_113,5,3
training_Amsterdam_GE3T_114,5,2
training_Amsterdam_GE3T_115,5,2
training_Amsterdam_GE3T_116,5,3
training_Amsterdam_GE3T_126,5,1
training_Amsterdam_GE3T_132,5,2
training_Amsterdam_GE3T_137,5,0
training_Amsterdam_GE3T_144,5,4
training_Singapore_Singapore_50,5,1
training_Singapore_Singapore_51,5,2
training_Singapore_Singapore_52,5,1
training_Singapore_Singapore_53,5,4
training_Singapore_Singapore_54,5,3
training_Singapore_Singapore_55,5,0
training_Singapore_Singapore_56,5,1
training_Singapore_Singapore_57,5,2
training_Singapore_Singapore_58,5,3
training_Singapore_Singapore_59,5,3
training_Singapore_Singapore_60,5,1
training_Singapore_Singapore_61,5,4
training_Singapore_Singapore_62,5,1
training_Singapore_Singapore_63,5,1
training_Singapore_Singapore_64,5,4
training_Singapore_Singapore_65,5,4
training_Singapore_Singapore_66,5,3
training_Singapore_Singapore_67,5,0
training_Singapore_Singapore_68,5,2
training_Singapore_Singapore_69,5,4
training_Utrecht_Utrecht_0,5,0
training_Utrecht_Utrecht_11,5,1
training_Utrecht_Utrecht_17,5,4
training_Utrecht_Utrecht_19,5,3
training_Utrecht_Utrecht_2,5,0
training_Utrecht_Utrecht_21,5,1
training_Utrecht_Utrecht_23,5,2
training_Utrecht_Utrecht_25,5,3
training_Utrecht_Utrecht_27,5,0
training_Utrecht_Utrecht_29,5,4
training_Utrecht_Utrecht_31,5,0
training_Utrecht_Utrecht_33,5,2
training_Utrecht_Utrecht_35,5,0
training_Utrecht_Utrecht_37,5,4
training_Utrecht_Utrecht_39,5,2
training_Utrecht_Utrecht_4,5,3
training_Utrecht_Utrecht_41,5,0
training_Utrecht_Utrecht_49,5,4
training_Utrecht_Utrecht_6,5,4
training_Utrecht_Utrecht_8,5,4
training_Amsterdam_GE3T_100,6,3
training_Amsterdam_GE3T_101,6,3
training_Amsterdam_GE3T_102,6,1
training_Amsterdam_GE3T_103,6,3
training_Amsterdam_GE3T_104,6,4
training_Amsterdam_GE3T_105,6,2
training_Amsterdam_GE3T_106,6,1
training_Amsterdam_GE3T_107,6,0
training_Amsterdam_GE3T_108,6,2
training_Amsterdam_GE3T_109,6,0
training_Amsterdam_GE3T_110,6,4
training_Amsterdam_GE3T_112,6,2
training_Amsterdam_GE3T_113,6,0
training_Amsterdam_GE3T_114,6,2
training_Amsterdam_GE3T_115,6,1
training_Amsterdam_GE3T_116,6,2
training_Amsterdam_GE3T_126,6,4
training_Amsterdam_GE3T_132,6,2
training_Amsterdam_GE3T_137,6,2
training_Amsterdam_GE3T_144,6,4
training_Singapore_Singapore_50,6,1
training_Singapore_Singapore_51,6,4
training_Singapore_Singapore_52,6,0
training_Singapore_Singapore_53,6,2
training_Singapore_Singapore_54,6,4
training_Singapore_Singapore_55,6,3
training_Singapore_Singapore_56,6,1
training_Singapore_Singapore_57,6,3
training_Singapore_Singapore_58,6,0
training_Singapore_Singapore_59,6,2
training_Singapore_Singapore_60,6,2
training_Singapore_Singapore_61,6,3
training_Singapore_Singapore_62,6,1
training_Singapore_Singapore_63,6,4
training_Singapore_Singapore_64,6,0
training_Singapore_Singapore_65,6,2
training_Singapore_Singapore_66,6,4
training_Singapore_Singapore_67,6,1
training_Singapore_Singapore_68,6,1
training_Singapore_Singapore_69,6,4
training_Utrecht_Utrecht_0,6,0
training_Utrecht_Utrecht_11,6,0
training_Utrecht_Utrecht_17,6,4
training_Utrecht_Utrecht_19,6,1
training_Utrecht_Utrecht_2,6,3
training_Utrecht_Utrecht_21,6,3
training_Utrecht_Utrecht_23,6,3
training_Utrecht_Utrecht_25,6,3
training_Utrecht_Utrecht_27,6,3
training_Utrecht_Utrecht_29,6,0
training_Utrecht_Utrecht_31,6,4
training_Utrecht_Utrecht_33,6,1
training_Utrecht_Utrecht_35,6,1
training_Utrecht_Utrecht_37,6,2
training_Utrecht_Utrecht_39,6,3
training_Utrecht_Utrecht_4,6,0
training_Utrecht_Utrecht_41,6,1
training_Utrecht_Utrecht_49,6,0
training_Utrecht_Utrecht_6,6,0
training_Utrecht_Utrecht_8,6,4
training_Amsterdam_GE3T_100,7,1
training_Amsterdam_GE3T_101,7,1
training_Amsterdam_GE3T_102,7,0
training_Amsterdam_GE3T_103,7,0
training_Amsterdam_GE3T_104,7,2
training_Amsterdam_GE3T_105,7,0
training_Amsterdam_GE3T_106,7,3
training_Amsterdam_GE3T_107,7,4
training_Amsterdam_GE3T_108,7,2
training_Amsterdam_GE3T_109,7,3
training_Amsterdam_GE3T_110,7,1
training_Amsterdam_GE3T_112,7,1
training_Amsterdam_GE3T_113,7,0
training_Amsterdam_GE3T_114,7,4
training_Amsterdam_GE3T_115,7,0
training_Amsterdam_GE3T_116,7,3
training_Amsterdam_GE3T_126,7,3
training_Amsterdam_GE3T_132,7,4
training_Amsterdam_GE3T_137,7,2
training_Amsterdam_GE3T_144,7,4
training_Singapore_Singapore_50,7,1
training_Singapore_Singapore_51,7,3
training_Singapore_Singapore_52,7,0
training_Singapore_Singapore_53,7,4
training_Singapore_Singapore_54,7,0
training_Singapore_Singapore_55,7,2
training_Singapore_Singapore_56,7,4
training_Singapore_Singapore_57,7,1
training_Singapore_Singapore_58,7,0
training_Singapore_Singapore_59,7,0
training_Singapore_Singapore_60,7,1
training_Singapore_Singapore_61,7,2
training_Singapore_Singapore_62,7,4
training_Singapore_Singapore_63,7,2
training_Singapore_Singapore_64,7,2
training_Singapore_Singapore_65,7,1
training_Singapore_Singapore_66,7,3
training_Singapore_Singapore_67,7,0
training_Singapore_Singapore_68,7,0
training_Singapore_Singapore_69,7,2
training_Utrecht_Utrecht_0,7,2
training_Utrecht_Utrecht_11,7,4
training_Utrecht_Utrecht_17,7,2
training_Utrecht_Utrecht_19,7,1
training_Utrecht_Utrecht_2,7,3
training_Utrecht_Utrecht_21,7,2
training_Utrecht_Utrecht_23,7,4
training_Utrecht_Utrecht_25,7,1
training_Utrecht_Utrecht_27,7,0
training_Utrecht_Utrecht_29,7,1
training_Utrecht_Utrecht_31,7,3
training_Utrecht_Utrecht_33,7,3
training_Utrecht_Utrecht_35,7,2
training_Utrecht_Utrecht_37,7,3
training_Utrecht_Utrecht_39,7,4
training_Utrecht_Utrecht_4,7,4
training_Utrecht_Utrecht_41,7,3
training_Utrecht_Utrecht_49,7,4
training_Utrecht_Utrecht_6,7,1
training_Utrecht_Utrecht_8,7,3
training_Amsterdam_GE3T_100,8,3
training_Amsterdam_GE3T_101,8,4
training_Amsterdam_GE3T_102,8,2
training_Amsterdam_GE3T_103,8,1
training_Amsterdam_GE3T_104,8,1
training_Amsterdam_GE3T_105,8,0
training_Amsterdam_GE3T_106,8,0
training_Amsterdam_GE3T_107,8,2
training_Amsterdam_GE3T_108,8,0
training_Amsterdam_GE3T_109,8,1
training_Amsterdam_GE3T_110,8,4
training_Amsterdam_GE3T_112,8,0
training_Amsterdam_GE3T_113,8,0
training_Amsterdam_GE3T_114,8,4
training_Amsterdam_GE3T_115,8,4
training_Amsterdam_GE3T_116,8,3
training_Amsterdam_GE3T_126,8,4
training_Amsterdam_GE3T_132,8,4
training_Amsterdam_GE3T_137,8,1
training_Amsterdam_GE3T_144,8,2
training_Singapore_Singapore_50,8,1
training_Singapore_Singapore_51,8,3
training_Singapore_Singapore_52,8,4
training_Singapore_Singapore_53,8,1
training_Singapore_Singapore_54,8,0
training_Singapore_Singapore_55,8,3
training_Singapore_Singapore_56,8,1
training_Singapore_Singapore_57,8,3
training_Singapore_Singapore_58,8,3
training_Singapore_Singapore_59,8,2
training_Singapore_Singapore_60,8,1
training_Singapore_Singapore_61,8,1
training_Singapore_Singapore_62,8,3
training_Singapore_Singapore_63,8,2
training_Singapore_Singapore_64,8,2
training_Singapore_Singapore_65,8,1
training_Singapore_Singapore_66,8,2
training_Singapore_Singapore_67,8,2
training_Singapore_Singapore_68,8,0
training_Singapore_Singapore_69,8,0
training_Utrecht_Utrecht_0,8,3
training_Utrecht_Utrecht_11,8,2
training_Utrecht_Utrecht_17,8,0
training_Utrecht_Utrecht_19,8,3
training_Utrecht_Utrecht_2,8,4
training_Utrecht_Utrecht_21,8,2
training_Utrecht_Utrecht_23,8,0
training_Utrecht_Utrecht_25,8,4
training_Utrecht_Utrecht_27,8,4
training_Utrecht_Utrecht_29,8,3
training_Utrecht_Utrecht_31,8,3
training_Utrecht_Utrecht_33,8,1
training_Utrecht_Utrecht_35,8,3
training_Utrecht_Utrecht_37,8,2
training_Utrecht_Utrecht_39,8,0
training_Utrecht_Utrecht_4,8,4
training_Utrecht_Utrecht_41,8,4
training_Utrecht_Utrecht_49,8,0
training_Utrecht_Utrecht_6,8,2
training_Utrecht_Utrecht_8,8,1
training_Amsterdam_GE3T_100,9,1
training_Amsterdam_GE3T_101,9,1
training_Amsterdam_GE3T_102,9,3
training_Amsterdam_GE3T_103,9,4
training_Amsterdam_GE3T_104,9,1
training_Amsterdam_GE3T_105,9,3
training_Amsterdam_GE3T_106,9,2
training_Amsterdam_GE3T_107,9,4
training_Amsterdam_GE3T_108,9,1
training_Amsterdam_GE3T_109,9,0
training_Amsterdam_GE3T_110,9,2
training_Amsterdam_GE3T_112,9,2
training_Amsterdam_GE3T_113,9,0
training_Amsterdam_GE3T_114,9,3
training_Amsterdam_GE3T_115,9,4
training_Amsterdam_GE3T_116,9,2
training_Amsterdam_GE3T_126,9,1
training_Amsterdam_GE3T_132,9,3
training_Amsterdam_GE3T_137,9,2
training_Amsterdam_GE3T_144,9,3
training_Singapore_Singapore_50,9,2
training_Singapore_Singapore_51,9,2
training_Singapore_Singapore_52,9,0
training_Singapore_Singapore_53,9,3
training_Singapore_Singapore_54,9,1
training_Singapore_Singapore_55,9,4
training_Singapore_Singapore_56,9,4
training_Singapore_Singapore_57,9,0
training_Singapore_Singapore_58,9,3
training_Singapore_Singapore_59,9,4
training_Singapore_Singapore_60,9,2
training_Singapore_Singapore_61,9,2
training_Singapore_Singapore_62,9,0
training_Singapore_Singapore_63,9,0
training_Singapore_Singapore_64,9,1
training_Singapore_Singapore_65,9,1
training_Singapore_Singapore_66,9,2
training_Singapore_Singapore_67,9,1
training_Singapore_Singapore_68,9,3
training_Singapore_Singapore_69,9,4
training_Utrecht_Utrecht_0,9,4
training_Utrecht_Utrecht_11,9,0
training_Utrecht_Utrecht_17,9,0
training_Utrecht_Utrecht_19,9,4
training_Utrecht_Utrecht_2,9,4
training_Utrecht_Utrecht_21,9,1
training_Utrecht_Utrecht_23,9,4
training_Utrecht_Utrecht_25,9,1
training_Utrecht_Utrecht_27,9,0
training_Utrecht_Utrecht_29,9,3
training_Utrecht_Utrecht_31,9,0
training_Utrecht_Utrecht_33,9,1
training_Utrecht_Utrecht_35,9,0
training_Utrecht_Utrecht_37,9,3
training_Utrecht_Utrecht_39,9,3
training_Utrecht_Utrecht_4,9,0
training_Utrecht_Utrecht_41,9,2
training_Utrecht_Utrecht_49,9,2
training_Utrecht_Utrecht_6,9,3
training_Utrecht_Utrecht_8,9,4
