experiment,scheme,candidate,features,qwk_mean,qwk_sd,mean_absolute_class_error_mean,mean_absolute_class_error_sd,balanced_accuracy_mean,balanced_accuracy_sd,accuracy_mean,accuracy_sd,mean_signed_class_error_mean,mean_signed_class_error_sd,qwk_Amsterdam_mean,qwk_Singapore_mean,qwk_Utrecht_mean,boundary_n,boundary_accuracy_mean,boundary_mace_mean,non_boundary_accuracy_mean,n_repeats,fits_not_converged,tuned_values
baseline,4class,majority_class,log_total_volume,0.0,0.0,1.3166666666666667,0.0,0.25,0.0,0.4166666666666667,0.0,1.3166666666666667,0.0,0.0,0.0,0.0,14,0.21428571428571427,1.5,0.47826086956521746,10,0,{}
baseline,4class,threshold_rule,log_total_volume,0.9309000708717223,1.1702778228589004e-16,0.2166666666666667,2.925694557147251e-17,0.7404166666666667,0.0,0.7833333333333333,0.0,0.08333333333333334,1.4628472785736255e-17,0.9116607773851589,0.9263351749539593,0.9396681749622926,14,0.5714285714285714,0.42857142857142855,0.8478260869565217,10,0,{}
baseline,3class,majority_class,log_total_volume,0.0,0.0,0.9833333333333332,1.1702778228589004e-16,0.33333333333333337,5.851389114294502e-17,0.4333333333333334,5.851389114294502e-17,-0.9833333333333332,1.1702778228589004e-16,0.0,0.0,0.0,9,0.11111111111111112,1.222222222222222,0.4901960784313725,10,0,{}
baseline,3class,threshold_rule,log_total_volume,0.9230522603398527,1.1702778228589004e-16,0.13333333333333333,0.0,0.7753276353276352,1.1702778228589004e-16,0.8666666666666668,1.1702778228589004e-16,0.0,0.0,0.8986486486486488,0.864406779661017,0.9735449735449734,9,0.4444444444444445,0.5555555555555556,0.9411764705882353,10,0,{}
full_features,4class,regression_then_threshold,log_total_volume+periventricular_fraction+abs_laterality_index+log_lesion_count+small_lesion_fraction+largest_lesion_share,0.9365044240842281,0.00976927352920219,0.205,0.03047970383187823,0.7449305555555555,0.041764609680231775,0.795,0.030479703831878212,0.04833333333333333,0.018341748910243528,0.8961028920483785,0.9389191541728573,0.9555151323187898,14,0.5785714285714285,0.42142857142857143,0.8608695652173912,10,0,"{0.01: 1, 0.1: 26, 1.0: 21, 10.0: 2}"
full_features,4class,ordinal_logistic,log_total_volume+periventricular_fraction+abs_laterality_index+log_lesion_count+small_lesion_fraction+largest_lesion_share,0.9379186844080154,0.011703850003286703,0.2033333333333333,0.03583225665910467,0.7222777777777779,0.05128669351218593,0.7983333333333333,0.0355295043451544,0.04666666666666667,0.01892154040658489,0.9261735059012303,0.92194107010233,0.9477014057442054,14,0.6071428571428571,0.39285714285714285,0.8565217391304347,10,0,{}
full_features,4class,multinomial_logistic,log_total_volume+periventricular_fraction+abs_laterality_index+log_lesion_count+small_lesion_fraction+largest_lesion_share,0.9294831406652418,0.0115688522929082,0.22000000000000003,0.030225490019412094,0.7029166666666666,0.04270039698417699,0.7866666666666667,0.0302254900194121,-0.006666666666666668,0.06245986365580087,0.9009142543693314,0.9239628306227742,0.9386478775595449,14,0.7142857142857142,0.3,0.808695652173913,10,0,"{0.01: 24, 0.1: 7, 1.0: 5, 10.0: 2, 100.0: 12}"
full_features,4class,random_forest,log_total_volume+periventricular_fraction+abs_laterality_index+log_lesion_count+small_lesion_fraction+largest_lesion_share,0.9168455336329029,0.00939046313117901,0.2633333333333333,0.025819888974716106,0.6675000000000001,0.027134448440701175,0.7383333333333333,0.026117020607873697,-0.010000000000000002,0.02629368792488718,0.9099699442802687,0.8494697816552037,0.9514029157644149,14,0.5714285714285714,0.4357142857142858,0.7891304347826088,10,0,{}
full_features,3class,regression_then_threshold,log_total_volume+periventricular_fraction+abs_laterality_index+log_lesion_count+small_lesion_fraction+largest_lesion_share,0.9350597127522076,0.008534232644334812,0.11166666666666669,0.01372121003914274,0.8160569800569801,0.010826870575189152,0.8883333333333333,0.013721210039142747,0.0016666666666666666,0.014593250596181884,0.919055419055419,0.8812217412217412,0.9735449735449734,9,0.5444444444444445,0.45555555555555555,0.9490196078431372,10,0,"{0.1: 21, 1.0: 27, 10.0: 2}"
full_features,3class,ordinal_logistic,log_total_volume+periventricular_fraction+abs_laterality_index+log_lesion_count+small_lesion_fraction+largest_lesion_share,0.9244971323182203,0.01750782776638931,0.12833333333333333,0.030479703831878223,0.8078746438746439,0.05467466530386957,0.8716666666666667,0.030479703831878202,-0.005,0.017655831757856337,0.9364665928738857,0.8463090196756259,0.9560978967575737,9,0.6444444444444445,0.35555555555555557,0.9117647058823529,10,0,{}
full_features,3class,multinomial_logistic,log_total_volume+periventricular_fraction+abs_laterality_index+log_lesion_count+small_lesion_fraction+largest_lesion_share,0.9264918798483472,0.013297761625326051,0.125,0.021154925294066408,0.8081709401709402,0.02221319773575481,0.875,0.021154925294066384,-0.015000000000000003,0.04335469558917038,0.8691914290610789,0.8816588886008123,0.9731680800173951,9,0.7222222222222223,0.2777777777777778,0.9019607843137255,10,0,"{0.01: 32, 0.1: 4, 1.0: 7, 10.0: 6, 100.0: 1}"
full_features,3class,random_forest,log_total_volume+periventricular_fraction+abs_laterality_index+log_lesion_count+small_lesion_fraction+largest_lesion_share,0.890659015737062,0.013200143830154725,0.18166666666666667,0.019953649995631085,0.7512934472934473,0.020852137113495955,0.8183333333333334,0.019953649995631057,-0.021666666666666667,0.027273194908074613,0.8853727578404633,0.7500731364336132,0.9735449735449734,9,0.4333333333333333,0.5666666666666667,0.8862745098039216,10,0,{}
