candidate,question,cutoff_ml,sensitivity,specificity,false_positive_rate,accuracy,positives,negatives
threshold_rule,mild or worse,3.4,1.0,0.7222222222222222,0.2777777777777778,0.9166666666666666,420,180
threshold_rule,moderate or worse,9.6,0.9411764705882353,0.9615384615384616,0.038461538461538464,0.95,340,260
threshold_rule,severe,17.1,0.92,0.9142857142857143,0.08571428571428572,0.9166666666666666,250,350
volume_only/ordinal_logistic,mild or worse,3.4,0.930952380952381,0.9555555555555556,0.044444444444444446,0.9383333333333334,420,180
volume_only/ordinal_logistic,moderate or worse,9.6,0.9705882352941176,0.9346153846153846,0.06538461538461539,0.955,340,260
volume_only/ordinal_logistic,severe,17.1,0.888,0.9142857142857143,0.08571428571428572,0.9033333333333333,250,350
volume_only/regression_then_threshold,mild or worse,3.4,0.9761904761904762,0.8055555555555556,0.19444444444444445,0.925,420,180
volume_only/regression_then_threshold,moderate or worse,9.6,0.9411764705882353,0.9653846153846154,0.03461538461538462,0.9516666666666667,340,260
volume_only/regression_then_threshold,severe,17.1,0.884,0.9142857142857143,0.08571428571428572,0.9016666666666666,250,350
full_features/ordinal_logistic,mild or worse,3.4,0.9476190476190476,0.85,0.15,0.9183333333333333,420,180
full_features/ordinal_logistic,moderate or worse,9.6,0.9794117647058823,0.9576923076923077,0.04230769230769231,0.97,340,260
full_features/ordinal_logistic,severe,17.1,0.928,0.8942857142857142,0.10571428571428572,0.9083333333333333,250,350
