candidate,class,precision,recall,specificity,false_positive_rate,f1
threshold_rule,normal,1.0,0.7222222222222222,1.0,0.0,0.8387096774193548
threshold_rule,mild,0.5,0.875,0.8653846153846154,0.13461538461538458,0.6363636363636364
threshold_rule,moderate,0.5714285714285714,0.4444444444444444,0.9411764705882353,0.05882352941176472,0.5
threshold_rule,severe,0.8846153846153846,0.92,0.9142857142857143,0.08571428571428574,0.9019607843137256
threshold_rule,macro,0.7390109890109889,0.7404166666666667,0.9302117000646412,0.06978829993535876,0.7192585245241792
volume_only/ordinal_logistic,normal,0.8557213930348259,0.9555555555555556,0.930952380952381,0.06904761904761902,0.9028871391076116
volume_only/ordinal_logistic,mild,0.6538461538461539,0.425,0.9653846153846154,0.0346153846153846,0.5151515151515152
volume_only/ordinal_logistic,moderate,0.5263157894736842,0.5555555555555556,0.9117647058823529,0.08823529411764708,0.5405405405405405
volume_only/ordinal_logistic,severe,0.8809523809523809,0.888,0.9142857142857143,0.08571428571428574,0.8844621513944223
volume_only/ordinal_logistic,macro,0.7292089293267612,0.7060277777777778,0.9305968541262658,0.06940314587373411,0.7107603365485224
volume_only/regression_then_threshold,normal,0.9354838709677419,0.8055555555555556,0.9761904761904762,0.023809523809523836,0.8656716417910448
volume_only/regression_then_threshold,mild,0.5258620689655172,0.7625,0.8942307692307693,0.10576923076923073,0.6224489795918368
volume_only/regression_then_threshold,moderate,0.5128205128205128,0.4444444444444444,0.9254901960784314,0.07450980392156858,0.47619047619047616
volume_only/regression_then_threshold,severe,0.8804780876494024,0.884,0.9142857142857143,0.08571428571428574,0.8822355289421158
volume_only/regression_then_threshold,macro,0.7136611351007935,0.724125,0.9275492889463478,0.07245071105365222,0.7116366566288683
full_features/ordinal_logistic,normal,0.8742857142857143,0.85,0.9476190476190476,0.05238095238095242,0.8619718309859156
full_features/ordinal_logistic,mild,0.5925925925925926,0.6,0.9365384615384615,0.06346153846153846,0.5962732919254657
full_features/ordinal_logistic,moderate,0.6133333333333333,0.5111111111111111,0.9431372549019608,0.056862745098039236,0.5575757575757575
full_features/ordinal_logistic,severe,0.862453531598513,0.928,0.8942857142857142,0.10571428571428576,0.8940269749518305
full_features/ordinal_logistic,macro,0.7356662929525384,0.7222777777777778,0.9303951195862961,0.06960488041370397,0.7274619638597424
