candidate,repeat,feature,permutation,qwk_drop
volume_only/ordinal_logistic,0,log_total_volume,0,0.9686985172981877
volume_only/ordinal_logistic,0,log_total_volume,1,0.8500823723228994
volume_only/ordinal_logistic,0,log_total_volume,2,0.9192751235584843
volume_only/ordinal_logistic,0,log_total_volume,3,1.1070840197693574
volume_only/ordinal_logistic,0,log_total_volume,4,0.8698517298187808
volume_only/ordinal_logistic,0,log_total_volume,5,0.7710049423393739
volume_only/ordinal_logistic,0,log_total_volume,6,1.0774299835255354
volume_only/ordinal_logistic,0,log_total_volume,7,1.0477759472817132
volume_only/ordinal_logistic,0,log_total_volume,8,0.9983525535420099
volume_only/ordinal_logistic,0,log_total_volume,9,0.8896210873146622
volume_only/ordinal_logistic,1,log_total_volume,0,1.1611030478955007
volume_only/ordinal_logistic,1,log_total_volume,1,0.783744557329463
volume_only/ordinal_logistic,1,log_total_volume,2,0.9772617319787132
volume_only/ordinal_logistic,1,log_total_volume,3,0.9192065795839381
volume_only/ordinal_logistic,1,log_total_volume,4,0.706337687469763
volume_only/ordinal_logistic,1,log_total_volume,5,1.0933720367682631
volume_only/ordinal_logistic,1,log_total_volume,6,1.0256410256410255
volume_only/ordinal_logistic,1,log_total_volume,7,0.706337687469763
volume_only/ordinal_logistic,1,log_total_volume,8,0.8127721335268505
volume_only/ordinal_logistic,1,log_total_volume,9,1.1223996129656508
volume_only/ordinal_logistic,2,log_total_volume,0,0.9686985172981877
volume_only/ordinal_logistic,2,log_total_volume,1,0.6820428336079077
volume_only/ordinal_logistic,2,log_total_volume,2,0.8896210873146622
volume_only/ordinal_logistic,2,log_total_volume,3,1.0181219110378912
volume_only/ordinal_logistic,2,log_total_volume,4,1.2652388797364085
volume_only/ordinal_logistic,2,log_total_volume,5,0.7215815485996705
volume_only/ordinal_logistic,2,log_total_volume,6,1.057660626029654
volume_only/ordinal_logistic,2,log_total_volume,7,0.7907742998352553
volume_only/ordinal_logistic,2,log_total_volume,8,1.028006589785832
volume_only/ordinal_logistic,2,log_total_volume,9,0.800658978583196
volume_only/ordinal_logistic,3,log_total_volume,0,0.7710049423393739
volume_only/ordinal_logistic,3,log_total_volume,1,1.0477759472817132
volume_only/ordinal_logistic,3,log_total_volume,2,0.830313014827018
volume_only/ordinal_logistic,3,log_total_volume,3,0.929159802306425
volume_only/ordinal_logistic,3,log_total_volume,4,1.087314662273476
volume_only/ordinal_logistic,3,log_total_volume,5,1.087314662273476
volume_only/ordinal_logistic,3,log_total_volume,6,1.0675453047775947
volume_only/ordinal_logistic,3,log_total_volume,7,0.8105436573311366
volume_only/ordinal_logistic,3,log_total_volume,8,0.8204283360790774
volume_only/ordinal_logistic,3,log_total_volume,9,1.0181219110378912
volume_only/ordinal_logistic,4,log_total_volume,0,1.0162802170695608
volume_only/ordinal_logistic,4,log_total_volume,1,0.9373458312777504
volume_only/ordinal_logistic,4,log_total_volume,2,0.9669462259496793
volume_only/ordinal_logistic,4,log_total_volume,3,0.9669462259496793
volume_only/ordinal_logistic,4,log_total_volume,4,0.8880118401578687
volume_only/ordinal_logistic,4,log_total_volume,5,0.8584114454859398
volume_only/ordinal_logistic,4,log_total_volume,6,0.9472126295017267
volume_only/ordinal_logistic,4,log_total_volume,7,1.0162802170695608
volume_only/ordinal_logistic,4,log_total_volume,8,0.8288110508140109
volume_only/ordinal_logistic,4,log_total_volume,9,0.8880118401578687
volume_only/ordinal_logistic,5,log_total_volume,0,0.843275044941984
volume_only/ordinal_logistic,5,log_total_volume,1,0.9217192351691452
volume_only/ordinal_logistic,5,log_total_volume,2,0.7452198071580324
volume_only/ordinal_logistic,5,log_total_volume,3,0.9315247589475404
volume_only/ordinal_logistic,5,log_total_volume,4,0.9217192351691452
volume_only/ordinal_logistic,5,log_total_volume,5,0.7059977120444517
volume_only/ordinal_logistic,5,log_total_volume,6,1.0197744729530969
volume_only/ordinal_logistic,5,log_total_volume,7,0.9903579016179114
volume_only/ordinal_logistic,5,log_total_volume,8,1.0589965680666775
volume_only/ordinal_logistic,5,log_total_volume,9,0.9805523778395162
volume_only/ordinal_logistic,6,log_total_volume,0,0.9686985172981877
volume_only/ordinal_logistic,6,log_total_volume,1,0.929159802306425
volume_only/ordinal_logistic,6,log_total_volume,2,0.9192751235584843
volume_only/ordinal_logistic,6,log_total_volume,3,0.9390444810543657
volume_only/ordinal_logistic,6,log_total_volume,4,0.9489291598023064
volume_only/ordinal_logistic,6,log_total_volume,5,0.9192751235584843
volume_only/ordinal_logistic,6,log_total_volume,6,0.9785831960461284
volume_only/ordinal_logistic,6,log_total_volume,7,0.8797364085667215
volume_only/ordinal_logistic,6,log_total_volume,8,1.1367380560131795
volume_only/ordinal_logistic,6,log_total_volume,9,1.1070840197693574
volume_only/ordinal_logistic,7,log_total_volume,0,0.9379579872984856
volume_only/ordinal_logistic,7,log_total_volume,1,1.1529066927210552
volume_only/ordinal_logistic,7,log_total_volume,2,0.7620908646800195
volume_only/ordinal_logistic,7,log_total_volume,3,0.8207132388861749
volume_only/ordinal_logistic,7,log_total_volume,4,1.0454323400097703
volume_only/ordinal_logistic,7,log_total_volume,5,0.7523204689789936
volume_only/ordinal_logistic,7,log_total_volume,6,0.8793356130923302
volume_only/ordinal_logistic,7,log_total_volume,7,0.8695652173913043
volume_only/ordinal_logistic,7,log_total_volume,8,0.9574987787005373
volume_only/ordinal_logistic,7,log_total_volume,9,0.8207132388861749
volume_only/ordinal_logistic,8,log_total_volume,0,0.8485856905158071
volume_only/ordinal_logistic,8,log_total_volume,1,0.7986688851913479
volume_only/ordinal_logistic,8,log_total_volume,2,0.7587354409317805
volume_only/ordinal_logistic,8,log_total_volume,3,0.9484193011647255
volume_only/ordinal_logistic,8,log_total_volume,4,0.9184692179700501
volume_only/ordinal_logistic,8,log_total_volume,5,0.9584026622296173
volume_only/ordinal_logistic,8,log_total_volume,6,0.8086522462562398
volume_only/ordinal_logistic,8,log_total_volume,7,1.0183028286189686
volume_only/ordinal_logistic,8,log_total_volume,8,0.8485856905158071
volume_only/ordinal_logistic,8,log_total_volume,9,0.6788685524126457
volume_only/ordinal_logistic,9,log_total_volume,0,0.7907742998352553
volume_only/ordinal_logistic,9,log_total_volume,1,1.0675453047775947
volume_only/ordinal_logistic,9,log_total_volume,2,1.0378912685337727
volume_only/ordinal_logistic,9,log_total_volume,3,0.7413509060955519
volume_only/ordinal_logistic,9,log_total_volume,4,0.9884678747940692
volume_only/ordinal_logistic,9,log_total_volume,5,1.0971993410214167
volume_only/ordinal_logistic,9,log_total_volume,6,1.0378912685337727
volume_only/ordinal_logistic,9,log_total_volume,7,0.8599670510708401
volume_only/ordinal_logistic,9,log_total_volume,8,1.215815485996705
volume_only/ordinal_logistic,9,log_total_volume,9,0.9686985172981877
volume_only/regression_then_threshold,0,log_total_volume,0,0.9814049586776861
volume_only/regression_then_threshold,0,log_total_volume,1,0.878099173553719
volume_only/regression_then_threshold,0,log_total_volume,2,0.9400826446280992
volume_only/regression_then_threshold,0,log_total_volume,3,1.0433884297520661
volume_only/regression_then_threshold,0,log_total_volume,4,0.9090909090909092
volume_only/regression_then_threshold,0,log_total_volume,5,0.8057851239669422
volume_only/regression_then_threshold,0,log_total_volume,6,1.0330578512396695
volume_only/regression_then_threshold,0,log_total_volume,7,1.0640495867768596
volume_only/regression_then_threshold,0,log_total_volume,8,1.0020661157024795
volume_only/regression_then_threshold,0,log_total_volume,9,0.8574380165289257
volume_only/regression_then_threshold,1,log_total_volume,0,1.1053719008264464
volume_only/regression_then_threshold,1,log_total_volume,1,0.7851239669421488
volume_only/regression_then_threshold,1,log_total_volume,2,0.9400826446280992
volume_only/regression_then_threshold,1,log_total_volume,3,0.8677685950413224
volume_only/regression_then_threshold,1,log_total_volume,4,0.7024793388429753
volume_only/regression_then_threshold,1,log_total_volume,5,1.0640495867768596
volume_only/regression_then_threshold,1,log_total_volume,6,0.9607438016528926
volume_only/regression_then_threshold,1,log_total_volume,7,0.7024793388429753
volume_only/regression_then_threshold,1,log_total_volume,8,0.7747933884297521
volume_only/regression_then_threshold,1,log_total_volume,9,1.084710743801653
volume_only/regression_then_threshold,2,log_total_volume,0,0.9917355371900827
volume_only/regression_then_threshold,2,log_total_volume,1,0.7024793388429753
volume_only/regression_then_threshold,2,log_total_volume,2,0.8987603305785125
volume_only/regression_then_threshold,2,log_total_volume,3,1.012396694214876
volume_only/regression_then_threshold,2,log_total_volume,4,1.2293388429752066
volume_only/regression_then_threshold,2,log_total_volume,5,0.7334710743801653
volume_only/regression_then_threshold,2,log_total_volume,6,1.084710743801653
volume_only/regression_then_threshold,2,log_total_volume,7,0.8367768595041323
volume_only/regression_then_threshold,2,log_total_volume,8,0.9917355371900827
volume_only/regression_then_threshold,2,log_total_volume,9,0.7851239669421488
volume_only/regression_then_threshold,3,log_total_volume,0,0.7747933884297521
volume_only/regression_then_threshold,3,log_total_volume,1,1.0743801652892562
volume_only/regression_then_threshold,3,log_total_volume,2,0.8264462809917356
volume_only/regression_then_threshold,3,log_total_volume,3,0.950413223140496
volume_only/regression_then_threshold,3,log_total_volume,4,1.084710743801653
volume_only/regression_then_threshold,3,log_total_volume,5,1.146694214876033
volume_only/regression_then_threshold,3,log_total_volume,6,1.0743801652892562
volume_only/regression_then_threshold,3,log_total_volume,7,0.7541322314049588
volume_only/regression_then_threshold,3,log_total_volume,8,0.7851239669421488
volume_only/regression_then_threshold,3,log_total_volume,9,1.0433884297520661
volume_only/regression_then_threshold,4,log_total_volume,0,1.035384347219801
volume_only/regression_then_threshold,4,log_total_volume,1,0.8575910754749868
volume_only/regression_then_threshold,4,log_total_volume,2,0.9517169252222414
volume_only/regression_then_threshold,4,log_total_volume,3,0.9830922084713264
volume_only/regression_then_threshold,4,log_total_volume,4,0.9098832142234616
volume_only/regression_then_threshold,4,log_total_volume,5,0.8471326477252918
volume_only/regression_then_threshold,4,log_total_volume,6,0.8889663587240717
volume_only/regression_then_threshold,4,log_total_volume,7,1.0144674917204113
volume_only/regression_then_threshold,4,log_total_volume,8,0.805298936726512
volume_only/regression_then_threshold,4,log_total_volume,9,0.8889663587240717
volume_only/regression_then_threshold,5,log_total_volume,0,0.7739236534774271
volume_only/regression_then_threshold,5,log_total_volume,1,0.9098832142234616
volume_only/regression_then_threshold,5,log_total_volume,2,0.794840508976817
volume_only/regression_then_threshold,5,log_total_volume,3,0.8471326477252918
volume_only/regression_then_threshold,5,log_total_volume,4,0.9726337807216313
volume_only/regression_then_threshold,5,log_total_volume,5,0.6693393759804775
volume_only/regression_then_threshold,5,log_total_volume,6,0.9830922084713264
volume_only/regression_then_threshold,5,log_total_volume,7,0.9308000697228517
volume_only/regression_then_threshold,5,log_total_volume,8,1.0667596304688862
volume_only/regression_then_threshold,5,log_total_volume,9,0.9412584974725465
volume_only/regression_then_threshold,6,log_total_volume,0,1.0162461113031456
volume_only/regression_then_threshold,6,log_total_volume,1,0.9125475285171102
volume_only/regression_then_threshold,6,log_total_volume,2,0.8918078119599032
volume_only/regression_then_threshold,6,log_total_volume,3,0.9747666781887314
volume_only/regression_then_threshold,6,log_total_volume,4,0.9125475285171102
volume_only/regression_then_threshold,6,log_total_volume,5,0.9955063947459384
volume_only/regression_then_threshold,6,log_total_volume,6,0.9643968199101278
volume_only/regression_then_threshold,6,log_total_volume,7,0.9436571033529209
volume_only/regression_then_threshold,6,log_total_volume,8,1.2132734185966125
volume_only/regression_then_threshold,6,log_total_volume,9,1.08883511925337
volume_only/regression_then_threshold,7,log_total_volume,0,1.0040090639707162
volume_only/regression_then_threshold,7,log_total_volume,1,1.150427052466446
volume_only/regression_then_threshold,7,log_total_volume,2,0.815757364476207
volume_only/regression_then_threshold,7,log_total_volume,3,0.9203416419731566
volume_only/regression_then_threshold,7,log_total_volume,4,1.0563012027191911
volume_only/regression_then_threshold,7,log_total_volume,5,0.6797978037301725
volume_only/regression_then_threshold,7,log_total_volume,6,0.8366742199755969
volume_only/regression_then_threshold,7,log_total_volume,7,0.8262157922259019
volume_only/regression_then_threshold,7,log_total_volume,8,0.9203416419731566
volume_only/regression_then_threshold,7,log_total_volume,9,0.794840508976817
volume_only/regression_then_threshold,8,log_total_volume,0,0.8367768595041323
volume_only/regression_then_threshold,8,log_total_volume,1,0.7747933884297521
volume_only/regression_then_threshold,8,log_total_volume,2,0.7438016528925621
volume_only/regression_then_threshold,8,log_total_volume,3,0.9814049586776861
volume_only/regression_then_threshold,8,log_total_volume,4,0.8987603305785125
volume_only/regression_then_threshold,8,log_total_volume,5,0.9297520661157025
volume_only/regression_then_threshold,8,log_total_volume,6,0.8161157024793388
volume_only/regression_then_threshold,8,log_total_volume,7,0.9917355371900827
volume_only/regression_then_threshold,8,log_total_volume,8,0.8057851239669422
volume_only/regression_then_threshold,8,log_total_volume,9,0.6714876033057852
volume_only/regression_then_threshold,9,log_total_volume,0,0.8141962421711899
volume_only/regression_then_threshold,9,log_total_volume,1,1.0855949895615864
volume_only/regression_then_threshold,9,log_total_volume,2,1.0647181628392484
volume_only/regression_then_threshold,9,log_total_volume,3,0.720250521920668
volume_only/regression_then_threshold,9,log_total_volume,4,0.9498956158663882
volume_only/regression_then_threshold,9,log_total_volume,5,1.1064718162839249
volume_only/regression_then_threshold,9,log_total_volume,6,1.0229645093945718
volume_only/regression_then_threshold,9,log_total_volume,7,0.8350730688935281
volume_only/regression_then_threshold,9,log_total_volume,8,1.1899791231732775
volume_only/regression_then_threshold,9,log_total_volume,9,1.0020876826722338
full_features/ordinal_logistic,0,log_total_volume,0,1.1196622999928931
full_features/ordinal_logistic,0,log_total_volume,1,0.824724863769778
full_features/ordinal_logistic,0,log_total_volume,2,1.0177108165481608
full_features/ordinal_logistic,0,log_total_volume,3,0.7856921789316756
full_features/ordinal_logistic,0,log_total_volume,4,0.7416509240283197
full_features/ordinal_logistic,0,log_total_volume,5,0.9982427862191251
full_features/ordinal_logistic,0,log_total_volume,6,1.1932678827981782
full_features/ordinal_logistic,0,log_total_volume,7,0.7671015647138103
full_features/ordinal_logistic,0,log_total_volume,8,0.75532780646204
full_features/ordinal_logistic,0,log_total_volume,9,1.0435646844459168
full_features/ordinal_logistic,0,periventricular_fraction,0,0.0004406896483741818
full_features/ordinal_logistic,0,periventricular_fraction,1,0.0
full_features/ordinal_logistic,0,periventricular_fraction,2,0.0
full_features/ordinal_logistic,0,periventricular_fraction,3,-0.01110094485554114
full_features/ordinal_logistic,0,periventricular_fraction,4,0.0
full_features/ordinal_logistic,0,periventricular_fraction,5,-0.0057202913402713
full_features/ordinal_logistic,0,periventricular_fraction,6,-0.0009323125142949307
full_features/ordinal_logistic,0,periventricular_fraction,7,0.0
full_features/ordinal_logistic,0,periventricular_fraction,8,-0.011309124294020756
full_features/ordinal_logistic,0,periventricular_fraction,9,-0.0057202913402713
full_features/ordinal_logistic,0,abs_laterality_index,0,-0.009720604898223129
full_features/ordinal_logistic,0,abs_laterality_index,1,-0.0057202913402713
full_features/ordinal_logistic,0,abs_laterality_index,2,-0.004851430340425789
full_features/ordinal_logistic,0,abs_laterality_index,3,-0.010311719703801847
full_features/ordinal_logistic,0,abs_laterality_index,4,-0.024765137608928955
full_features/ordinal_logistic,0,abs_laterality_index,5,-0.009340093903666746
full_features/ordinal_logistic,0,abs_laterality_index,6,-0.010525546783300532
full_features/ordinal_logistic,0,abs_laterality_index,7,-0.004851430340425789
full_features/ordinal_logistic,0,abs_laterality_index,8,-0.0057202913402713
full_features/ordinal_logistic,0,abs_laterality_index,9,-0.0018399678358235194
full_features/ordinal_logistic,0,log_lesion_count,0,0.00633995221102801
full_features/ordinal_logistic,0,log_lesion_count,1,-0.014052809380288522
full_features/ordinal_logistic,0,log_lesion_count,2,0.0009579882913469673
full_features/ordinal_logistic,0,log_lesion_count,3,-0.006115072682553402
full_features/ordinal_logistic,0,log_lesion_count,4,0.00025445744591645614
full_features/ordinal_logistic,0,log_lesion_count,5,-0.006341406978625286
full_features/ordinal_logistic,0,log_lesion_count,6,-0.02385475817064664
full_features/ordinal_logistic,0,log_lesion_count,7,-0.024928121820203986
full_features/ordinal_logistic,0,log_lesion_count,8,-0.013695597994554443
full_features/ordinal_logistic,0,log_lesion_count,9,-0.014108794089111476
full_features/ordinal_logistic,0,small_lesion_fraction,0,0.006545394514611447
full_features/ordinal_logistic,0,small_lesion_fraction,1,0.00915626394328628
full_features/ordinal_logistic,0,small_lesion_fraction,2,0.02262639170451619
full_features/ordinal_logistic,0,small_lesion_fraction,3,0.020444023537355638
full_features/ordinal_logistic,0,small_lesion_fraction,4,-0.0046791320412641335
full_features/ordinal_logistic,0,small_lesion_fraction,5,-0.004200546512508008
full_features/ordinal_logistic,0,small_lesion_fraction,6,0.010736867782798032
full_features/ordinal_logistic,0,small_lesion_fraction,7,0.029215849459815924
full_features/ordinal_logistic,0,small_lesion_fraction,8,0.023228471114271843
full_features/ordinal_logistic,0,small_lesion_fraction,9,0.00410289137092712
full_features/ordinal_logistic,0,largest_lesion_share,0,0.0019939065331221473
full_features/ordinal_logistic,0,largest_lesion_share,1,-0.004851430340425789
full_features/ordinal_logistic,0,largest_lesion_share,2,-0.02054336007108526
full_features/ordinal_logistic,0,largest_lesion_share,3,-0.0018399678358235194
full_features/ordinal_logistic,0,largest_lesion_share,4,-0.015543474051469719
full_features/ordinal_logistic,0,largest_lesion_share,5,0.012029021036938925
full_features/ordinal_logistic,0,largest_lesion_share,6,-0.003536437818462357
full_features/ordinal_logistic,0,largest_lesion_share,7,-0.005086851978934104
full_features/ordinal_logistic,0,largest_lesion_share,8,-0.006341406978625286
full_features/ordinal_logistic,0,largest_lesion_share,9,-0.0065661324364051366
full_features/ordinal_logistic,1,log_total_volume,0,0.799229021036939
full_features/ordinal_logistic,1,log_total_volume,1,0.8558068057386058
full_features/ordinal_logistic,1,log_total_volume,2,0.876740953488747
full_features/ordinal_logistic,1,log_total_volume,3,1.076108033382618
full_features/ordinal_logistic,1,log_total_volume,4,1.076094506051441
full_features/ordinal_logistic,1,log_total_volume,5,0.9972923445374308
full_features/ordinal_logistic,1,log_total_volume,6,1.077561190612999
full_features/ordinal_logistic,1,log_total_volume,7,1.092170856184684
full_features/ordinal_logistic,1,log_total_volume,8,0.7828988706982638
full_features/ordinal_logistic,1,log_total_volume,9,0.9794138744046476
full_features/ordinal_logistic,1,periventricular_fraction,0,-0.014257536120285352
full_features/ordinal_logistic,1,periventricular_fraction,1,-0.019193145209912443
full_features/ordinal_logistic,1,periventricular_fraction,2,-0.014460758522179318
full_features/ordinal_logistic,1,periventricular_fraction,3,-0.02448079860233965
full_features/ordinal_logistic,1,periventricular_fraction,4,-0.024314525728062808
full_features/ordinal_logistic,1,periventricular_fraction,5,-0.009720604898223129
full_features/ordinal_logistic,1,periventricular_fraction,6,-0.009938711280437218
full_features/ordinal_logistic,1,periventricular_fraction,7,0.0
full_features/ordinal_logistic,1,periventricular_fraction,8,-0.012908891050973148
full_features/ordinal_logistic,1,periventricular_fraction,9,-0.019877422560874547
full_features/ordinal_logistic,1,abs_laterality_index,0,-0.010311719703801847
full_features/ordinal_logistic,1,abs_laterality_index,1,-0.004440718442018987
full_features/ordinal_logistic,1,abs_laterality_index,2,-0.000684641420007126
full_features/ordinal_logistic,1,abs_laterality_index,3,-0.009340093903666746
full_features/ordinal_logistic,1,abs_laterality_index,4,-0.0054894804418649246
full_features/ordinal_logistic,1,abs_laterality_index,5,-0.009340093903666746
full_features/ordinal_logistic,1,abs_laterality_index,6,0.005105423293825795
full_features/ordinal_logistic,1,abs_laterality_index,7,0.007404730924041147
full_features/ordinal_logistic,1,abs_laterality_index,8,-0.003536437818462357
full_features/ordinal_logistic,1,abs_laterality_index,9,0.0055793216381413435
full_features/ordinal_logistic,1,log_lesion_count,0,0.010229519790056152
full_features/ordinal_logistic,1,log_lesion_count,1,0.020204582134195737
full_features/ordinal_logistic,1,log_lesion_count,2,0.005856443095269448
full_features/ordinal_logistic,1,log_lesion_count,3,0.010736867782798032
full_features/ordinal_logistic,1,log_lesion_count,4,0.0
full_features/ordinal_logistic,1,log_lesion_count,5,0.010229519790056152
full_features/ordinal_logistic,1,log_lesion_count,6,0.0
full_features/ordinal_logistic,1,log_lesion_count,7,0.005856443095269448
full_features/ordinal_logistic,1,log_lesion_count,8,-0.0054894804418649246
full_features/ordinal_logistic,1,log_lesion_count,9,0.004369211638319159
full_features/ordinal_logistic,1,small_lesion_fraction,0,0.024086595798687216
full_features/ordinal_logistic,1,small_lesion_fraction,1,0.030358894809729975
full_features/ordinal_logistic,1,small_lesion_fraction,2,0.015062276928077378
full_features/ordinal_logistic,1,small_lesion_fraction,3,0.034975984196580434
full_features/ordinal_logistic,1,small_lesion_fraction,4,0.05044902437082788
full_features/ordinal_logistic,1,small_lesion_fraction,5,0.015062276928077378
full_features/ordinal_logistic,1,small_lesion_fraction,6,0.040852310312495255
full_features/ordinal_logistic,1,small_lesion_fraction,7,0.06274454266543761
full_features/ordinal_logistic,1,small_lesion_fraction,8,0.019877422560874658
full_features/ordinal_logistic,1,small_lesion_fraction,9,0.024086595798687216
full_features/ordinal_logistic,1,largest_lesion_share,0,0.00763667746286778
full_features/ordinal_logistic,1,largest_lesion_share,1,0.007910861230643551
full_features/ordinal_logistic,1,largest_lesion_share,2,0.008389066513632137
full_features/ordinal_logistic,1,largest_lesion_share,3,-0.01606903343776922
full_features/ordinal_logistic,1,largest_lesion_share,4,0.004369211638319159
full_features/ordinal_logistic,1,largest_lesion_share,5,-0.012218740632648495
full_features/ordinal_logistic,1,largest_lesion_share,6,-0.007764322861634754
full_features/ordinal_logistic,1,largest_lesion_share,7,-0.011309124294020756
full_features/ordinal_logistic,1,largest_lesion_share,8,-0.007548078199702268
full_features/ordinal_logistic,1,largest_lesion_share,9,-0.017090062932526684
full_features/ordinal_logistic,2,log_total_volume,0,1.0387585115396942
full_features/ordinal_logistic,2,log_total_volume,1,1.1779806737082623
full_features/ordinal_logistic,2,log_total_volume,2,0.8901155483434986
full_features/ordinal_logistic,2,log_total_volume,3,0.8400644901733942
full_features/ordinal_logistic,2,log_total_volume,4,1.1641775385555704
full_features/ordinal_logistic,2,log_total_volume,5,0.9743151947308301
full_features/ordinal_logistic,2,log_total_volume,6,0.9599042590779411
full_features/ordinal_logistic,2,log_total_volume,7,1.1218522342715391
full_features/ordinal_logistic,2,log_total_volume,8,0.9137885674195861
full_features/ordinal_logistic,2,log_total_volume,9,0.9875837059518074
full_features/ordinal_logistic,2,periventricular_fraction,0,0.005650556696092712
full_features/ordinal_logistic,2,periventricular_fraction,1,0.010950907384590036
full_features/ordinal_logistic,2,periventricular_fraction,2,0.0005438326955292672
full_features/ordinal_logistic,2,periventricular_fraction,3,0.011192857168222714
full_features/ordinal_logistic,2,periventricular_fraction,4,0.005430848998874915
full_features/ordinal_logistic,2,periventricular_fraction,5,0.010950907384590036
full_features/ordinal_logistic,2,periventricular_fraction,6,0.021007896992367492
full_features/ordinal_logistic,2,periventricular_fraction,7,0.011192857168222714
full_features/ordinal_logistic,2,periventricular_fraction,8,0.0003431699224206719
full_features/ordinal_logistic,2,periventricular_fraction,9,0.0003431699224206719
full_features/ordinal_logistic,2,abs_laterality_index,0,-0.003718156129001726
full_features/ordinal_logistic,2,abs_laterality_index,1,-0.013442915880373163
full_features/ordinal_logistic,2,abs_laterality_index,2,-0.009613683711830912
full_features/ordinal_logistic,2,abs_laterality_index,3,-0.0007260659055334795
full_features/ordinal_logistic,2,abs_laterality_index,4,-0.004725968663776503
full_features/ordinal_logistic,2,abs_laterality_index,5,-0.00454421334526478
full_features/ordinal_logistic,2,abs_laterality_index,6,-0.00039202015437167503
full_features/ordinal_logistic,2,abs_laterality_index,7,-0.00454421334526478
full_features/ordinal_logistic,2,abs_laterality_index,8,0.005430848998874915
full_features/ordinal_logistic,2,abs_laterality_index,9,-0.004041691312814399
full_features/ordinal_logistic,2,log_lesion_count,0,0.01610944218844501
full_features/ordinal_logistic,2,log_lesion_count,1,0.007681561703055451
full_features/ordinal_logistic,2,log_lesion_count,2,0.016562391445782754
full_features/ordinal_logistic,2,log_lesion_count,3,0.0012484911283688893
full_features/ordinal_logistic,2,log_lesion_count,4,-0.0021273863174882113
full_features/ordinal_logistic,2,log_lesion_count,5,0.011615016078635687
full_features/ordinal_logistic,2,log_lesion_count,6,-0.00019671862495085346
full_features/ordinal_logistic,2,log_lesion_count,7,0.004625907113797512
full_features/ordinal_logistic,2,log_lesion_count,8,0.0003431699224206719
full_features/ordinal_logistic,2,log_lesion_count,9,-0.009613683711830912
full_features/ordinal_logistic,2,small_lesion_fraction,0,0.010710735455079057
full_features/ordinal_logistic,2,small_lesion_fraction,1,0.03243908841320697
full_features/ordinal_logistic,2,small_lesion_fraction,2,0.021007896992367492
full_features/ordinal_logistic,2,small_lesion_fraction,3,0.005590476600981442
full_features/ordinal_logistic,2,small_lesion_fraction,4,0.014898844301919456
full_features/ordinal_logistic,2,small_lesion_fraction,5,0.005212742616660826
full_features/ordinal_logistic,2,small_lesion_fraction,6,0.03743283077686732
full_features/ordinal_logistic,2,small_lesion_fraction,7,0.030750815615399718
full_features/ordinal_logistic,2,small_lesion_fraction,8,0.011369948618247472
full_features/ordinal_logistic,2,small_lesion_fraction,9,0.009431162556826744
full_features/ordinal_logistic,2,largest_lesion_share,0,0.018989936597984758
full_features/ordinal_logistic,2,largest_lesion_share,1,-0.006334896119016387
full_features/ordinal_logistic,2,largest_lesion_share,2,0.013973244841218202
full_features/ordinal_logistic,2,largest_lesion_share,3,0.01006460191816394
full_features/ordinal_logistic,2,largest_lesion_share,4,0.007980474934036974
full_features/ordinal_logistic,2,largest_lesion_share,5,0.01714536043022019
full_features/ordinal_logistic,2,largest_lesion_share,6,0.004996220106507687
full_features/ordinal_logistic,2,largest_lesion_share,7,0.009894459102902431
full_features/ordinal_logistic,2,largest_lesion_share,8,0.015592143545472226
full_features/ordinal_logistic,2,largest_lesion_share,9,0.00014396699752905473
full_features/ordinal_logistic,3,log_total_volume,0,1.0032686325752942
full_features/ordinal_logistic,3,log_total_volume,1,0.9639678560451788
full_features/ordinal_logistic,3,log_total_volume,2,1.1921118036340586
full_features/ordinal_logistic,3,log_total_volume,3,1.0419408852340115
full_features/ordinal_logistic,3,log_total_volume,4,1.1729735672615356
full_features/ordinal_logistic,3,log_total_volume,5,1.0504472072095787
full_features/ordinal_logistic,3,log_total_volume,6,1.2378610672886534
full_features/ordinal_logistic,3,log_total_volume,7,0.9782088252172894
full_features/ordinal_logistic,3,log_total_volume,8,1.1404211042970747
full_features/ordinal_logistic,3,log_total_volume,9,0.8002600325057385
full_features/ordinal_logistic,3,periventricular_fraction,0,0.011317999739904994
full_features/ordinal_logistic,3,periventricular_fraction,1,-0.005003752599030187
full_features/ordinal_logistic,3,periventricular_fraction,2,0.010368075604594407
full_features/ordinal_logistic,3,periventricular_fraction,3,0.020318320352184283
full_features/ordinal_logistic,3,periventricular_fraction,4,0.015352481497661885
full_features/ordinal_logistic,3,periventricular_fraction,5,0.009597222050361287
full_features/ordinal_logistic,3,periventricular_fraction,6,0.0055045406895729565
full_features/ordinal_logistic,3,periventricular_fraction,7,0.004985148144546869
full_features/ordinal_logistic,3,periventricular_fraction,8,0.005174364449315849
full_features/ordinal_logistic,3,periventricular_fraction,9,0.0004692051398469399
full_features/ordinal_logistic,3,abs_laterality_index,0,0.003796900184644514
full_features/ordinal_logistic,3,abs_laterality_index,1,-0.005155125642845371
full_features/ordinal_logistic,3,abs_laterality_index,2,-0.01064608051185334
full_features/ordinal_logistic,3,abs_laterality_index,3,0.0
full_features/ordinal_logistic,3,abs_laterality_index,4,0.0044761834237475595
full_features/ordinal_logistic,3,abs_laterality_index,5,-0.006352599339240705
full_features/ordinal_logistic,3,abs_laterality_index,6,-0.005562297419484885
full_features/ordinal_logistic,3,abs_laterality_index,7,0.005312865786935794
full_features/ordinal_logistic,3,abs_laterality_index,8,0.0
full_features/ordinal_logistic,3,abs_laterality_index,9,0.009393999648467322
full_features/ordinal_logistic,3,log_lesion_count,0,0.0055045406895729565
full_features/ordinal_logistic,3,log_lesion_count,1,0.00017093080513830294
full_features/ordinal_logistic,3,log_lesion_count,2,-0.000626040431693009
full_features/ordinal_logistic,3,log_lesion_count,3,0.009597222050361287
full_features/ordinal_logistic,3,log_lesion_count,4,0.00017093080513830294
full_features/ordinal_logistic,3,log_lesion_count,5,-0.0004597675574161686
full_features/ordinal_logistic,3,log_lesion_count,6,0.009597222050361287
full_features/ordinal_logistic,3,log_lesion_count,7,0.005697660955657491
full_features/ordinal_logistic,3,log_lesion_count,8,-0.0004597675574161686
full_features/ordinal_logistic,3,log_lesion_count,9,-0.006352599339240705
full_features/ordinal_logistic,3,small_lesion_fraction,0,0.03976819087369354
full_features/ordinal_logistic,3,small_lesion_fraction,1,0.039454119888948314
full_features/ordinal_logistic,3,small_lesion_fraction,2,0.018767906191712536
full_features/ordinal_logistic,3,small_lesion_fraction,3,0.046136135050415916
full_features/ordinal_logistic,3,small_lesion_fraction,4,0.020745946896747136
full_features/ordinal_logistic,3,small_lesion_fraction,5,0.02049770110911353
full_features/ordinal_logistic,3,small_lesion_fraction,6,0.03667473235782792
full_features/ordinal_logistic,3,small_lesion_fraction,7,0.014293780874530038
full_features/ordinal_logistic,3,small_lesion_fraction,8,0.025992845282367893
full_features/ordinal_logistic,3,small_lesion_fraction,9,0.019240474743894675
full_features/ordinal_logistic,3,largest_lesion_share,0,0.020331899981292145
full_features/ordinal_logistic,3,largest_lesion_share,1,-0.0017852087520630056
full_features/ordinal_logistic,3,largest_lesion_share,2,0.0067646952381199554
full_features/ordinal_logistic,3,largest_lesion_share,3,-0.001511898592021499
full_features/ordinal_logistic,3,largest_lesion_share,4,0.006268656334239675
full_features/ordinal_logistic,3,largest_lesion_share,5,0.013116921877956544
full_features/ordinal_logistic,3,largest_lesion_share,6,0.019175626129382617
full_features/ordinal_logistic,3,largest_lesion_share,7,-0.0004597675574161686
full_features/ordinal_logistic,3,largest_lesion_share,8,0.0017446240106230304
full_features/ordinal_logistic,3,largest_lesion_share,9,0.011985333943921539
full_features/ordinal_logistic,4,log_total_volume,0,0.9100373050116164
full_features/ordinal_logistic,4,log_total_volume,1,0.869910995843508
full_features/ordinal_logistic,4,log_total_volume,2,0.8813801391760042
full_features/ordinal_logistic,4,log_total_volume,3,1.1788373050116163
full_features/ordinal_logistic,4,log_total_volume,4,1.2127732020243247
full_features/ordinal_logistic,4,log_total_volume,5,0.747929360165917
full_features/ordinal_logistic,4,log_total_volume,6,1.0230816163888619
full_features/ordinal_logistic,4,log_total_volume,7,0.9514663419066811
full_features/ordinal_logistic,4,log_total_volume,8,0.9802157429608258
full_features/ordinal_logistic,4,log_total_volume,9,0.8913545791796037
full_features/ordinal_logistic,4,periventricular_fraction,0,0.0011126859801229294
full_features/ordinal_logistic,4,periventricular_fraction,1,-0.004384861235235071
full_features/ordinal_logistic,4,periventricular_fraction,2,0.0005507478543920197
full_features/ordinal_logistic,4,periventricular_fraction,3,0.0005507478543920197
full_features/ordinal_logistic,4,periventricular_fraction,4,0.0005507478543920197
full_features/ordinal_logistic,4,periventricular_fraction,5,0.006078947735969842
full_features/ordinal_logistic,4,periventricular_fraction,6,0.0011126859801229294
full_features/ordinal_logistic,4,periventricular_fraction,7,-0.009046474195969267
full_features/ordinal_logistic,4,periventricular_fraction,8,-0.003541933506396311
full_features/ordinal_logistic,4,periventricular_fraction,9,-0.004384861235235071
full_features/ordinal_logistic,4,abs_laterality_index,0,-0.0055581681719165665
full_features/ordinal_logistic,4,abs_laterality_index,1,-0.0005398885473715254
full_features/ordinal_logistic,4,abs_laterality_index,2,0.009956853634251583
full_features/ordinal_logistic,4,abs_laterality_index,3,0.0007554745943888497
full_features/ordinal_logistic,4,abs_laterality_index,4,-0.009956853634251583
full_features/ordinal_logistic,4,abs_laterality_index,5,-0.00019920292489161717
full_features/ordinal_logistic,4,abs_laterality_index,6,0.0005507478543920197
full_features/ordinal_logistic,4,abs_laterality_index,7,-0.0066780660414370585
full_features/ordinal_logistic,4,abs_laterality_index,8,0.0011126859801229294
full_features/ordinal_logistic,4,abs_laterality_index,9,-0.00019920292489161717
full_features/ordinal_logistic,4,log_lesion_count,0,0.009956853634251583
full_features/ordinal_logistic,4,log_lesion_count,1,0.016484124350038654
full_features/ordinal_logistic,4,log_lesion_count,2,0.0003475254524980542
full_features/ordinal_logistic,4,log_lesion_count,3,0.010367565532658385
full_features/ordinal_logistic,4,log_lesion_count,4,0.01012915193341335
full_features/ordinal_logistic,4,log_lesion_count,5,0.01012915193341335
full_features/ordinal_logistic,4,log_lesion_count,6,0.0110267786958268
full_features/ordinal_logistic,4,log_lesion_count,7,0.000699489885565896
full_features/ordinal_logistic,4,log_lesion_count,8,0.014123642554670246
full_features/ordinal_logistic,4,log_lesion_count,9,0.01819450345519602
full_features/ordinal_logistic,4,small_lesion_fraction,0,0.019642066916378154
full_features/ordinal_logistic,4,small_lesion_fraction,1,0.0037073391191362326
full_features/ordinal_logistic,4,small_lesion_fraction,2,0.030721716677724276
full_features/ordinal_logistic,4,small_lesion_fraction,3,0.03380545328125706
full_features/ordinal_logistic,4,small_lesion_fraction,4,0.021715891007537458
full_features/ordinal_logistic,4,small_lesion_fraction,5,0.03558363260070785
full_features/ordinal_logistic,4,small_lesion_fraction,6,0.0214310063323071
full_features/ordinal_logistic,4,small_lesion_fraction,7,0.010194000547925408
full_features/ordinal_logistic,4,small_lesion_fraction,8,0.004869572694240154
full_features/ordinal_logistic,4,small_lesion_fraction,9,0.027922129914340066
full_features/ordinal_logistic,4,largest_lesion_share,0,0.0029388597479522716
full_features/ordinal_logistic,4,largest_lesion_share,1,0.003499159680656616
full_features/ordinal_logistic,4,largest_lesion_share,2,0.004869572694240154
full_features/ordinal_logistic,4,largest_lesion_share,3,0.0015136845645317143
full_features/ordinal_logistic,4,largest_lesion_share,4,-0.0065079097221781845
full_features/ordinal_logistic,4,largest_lesion_share,5,0.00869321129212397
full_features/ordinal_logistic,4,largest_lesion_share,6,0.011285425785322878
full_features/ordinal_logistic,4,largest_lesion_share,7,-0.0015883475826473648
full_features/ordinal_logistic,4,largest_lesion_share,8,0.012794004384304114
full_features/ordinal_logistic,4,largest_lesion_share,9,-0.0017761824642988921
full_features/ordinal_logistic,5,log_total_volume,0,0.9738393972962571
full_features/ordinal_logistic,5,log_total_volume,1,1.2389038446566933
full_features/ordinal_logistic,5,log_total_volume,2,1.011633121552637
full_features/ordinal_logistic,5,log_total_volume,3,1.0806326310236203
full_features/ordinal_logistic,5,log_total_volume,4,0.8938350481247924
full_features/ordinal_logistic,5,log_total_volume,5,0.7455593541281819
full_features/ordinal_logistic,5,log_total_volume,6,0.8240890298418785
full_features/ordinal_logistic,5,log_total_volume,7,1.1091587799935092
full_features/ordinal_logistic,5,log_total_volume,8,1.0963913359750308
full_features/ordinal_logistic,5,log_total_volume,9,1.0722144606872757
full_features/ordinal_logistic,5,periventricular_fraction,0,-0.008394961060421924
full_features/ordinal_logistic,5,periventricular_fraction,1,-0.014223001753108533
full_features/ordinal_logistic,5,periventricular_fraction,2,-0.009719706720577759
full_features/ordinal_logistic,5,periventricular_fraction,3,-0.014223001753108533
full_features/ordinal_logistic,5,periventricular_fraction,4,0.0
full_features/ordinal_logistic,5,periventricular_fraction,5,0.004833287986611534
full_features/ordinal_logistic,5,periventricular_fraction,6,0.0
full_features/ordinal_logistic,5,periventricular_fraction,7,-0.003694485745141085
full_features/ordinal_logistic,5,periventricular_fraction,8,0.0
full_features/ordinal_logistic,5,periventricular_fraction,9,0.0
full_features/ordinal_logistic,5,abs_laterality_index,0,-0.007964120354731596
full_features/ordinal_logistic,5,abs_laterality_index,1,-0.020648897345295514
full_features/ordinal_logistic,5,abs_laterality_index,2,-0.0044070363542600965
full_features/ordinal_logistic,5,abs_laterality_index,3,-0.009546141735844782
full_features/ordinal_logistic,5,abs_laterality_index,4,-0.0044070363542600965
full_features/ordinal_logistic,5,abs_laterality_index,5,0.001517299063803934
full_features/ordinal_logistic,5,abs_laterality_index,6,-0.003694485745141085
full_features/ordinal_logistic,5,abs_laterality_index,7,-0.00670423847633983
full_features/ordinal_logistic,5,abs_laterality_index,8,0.0
full_features/ordinal_logistic,5,abs_laterality_index,9,0.004833287986611534
full_features/ordinal_logistic,5,log_lesion_count,0,-0.010362418088021408
full_features/ordinal_logistic,5,log_lesion_count,1,-0.00046795898511908796
full_features/ordinal_logistic,5,log_lesion_count,2,-0.005105423293825795
full_features/ordinal_logistic,5,log_lesion_count,3,-0.010192275272759899
full_features/ordinal_logistic,5,log_lesion_count,4,-0.01144683027245108
full_features/ordinal_logistic,5,log_lesion_count,5,0.010808009409221109
full_features/ordinal_logistic,5,log_lesion_count,6,0.0
full_features/ordinal_logistic,5,log_lesion_count,7,0.0032836432198063426
full_features/ordinal_logistic,5,log_lesion_count,8,-0.01144683027245108
full_features/ordinal_logistic,5,log_lesion_count,9,0.0
full_features/ordinal_logistic,5,small_lesion_fraction,0,0.024710710547486192
full_features/ordinal_logistic,5,small_lesion_fraction,1,0.025640387605837534
full_features/ordinal_logistic,5,small_lesion_fraction,2,0.013891746012753892
full_features/ordinal_logistic,5,small_lesion_fraction,3,-0.005105423293825795
full_features/ordinal_logistic,5,small_lesion_fraction,4,-0.007357921731161565
full_features/ordinal_logistic,5,small_lesion_fraction,5,-0.015417142997627642
full_features/ordinal_logistic,5,small_lesion_fraction,6,-0.0014580488563010752
full_features/ordinal_logistic,5,small_lesion_fraction,7,-0.012276402256886865
full_features/ordinal_logistic,5,small_lesion_fraction,8,-0.0007362116555066356
full_features/ordinal_logistic,5,small_lesion_fraction,9,0.009956853634251583
full_features/ordinal_logistic,5,largest_lesion_share,0,-0.015996695655419835
full_features/ordinal_logistic,5,largest_lesion_share,1,0.012716379746673612
full_features/ordinal_logistic,5,largest_lesion_share,2,0.001526169579912584
full_features/ordinal_logistic,5,largest_lesion_share,3,0.013891746012753892
full_features/ordinal_logistic,5,largest_lesion_share,4,0.003767787970274439
full_features/ordinal_logistic,5,largest_lesion_share,5,-0.016206368149366934
full_features/ordinal_logistic,5,largest_lesion_share,6,-0.020453595815874692
full_features/ordinal_logistic,5,largest_lesion_share,7,0.001526169579912584
full_features/ordinal_logistic,5,largest_lesion_share,8,-0.0055405997877511215
full_features/ordinal_logistic,5,largest_lesion_share,9,-0.009956853634251583
full_features/ordinal_logistic,6,log_total_volume,0,1.0944006426105042
full_features/ordinal_logistic,6,log_total_volume,1,0.9053332090504129
full_features/ordinal_logistic,6,log_total_volume,2,0.7448429212409523
full_features/ordinal_logistic,6,log_total_volume,3,0.6834808622509438
full_features/ordinal_logistic,6,log_total_volume,4,1.1481878370805183
full_features/ordinal_logistic,6,log_total_volume,5,0.8888707776896524
full_features/ordinal_logistic,6,log_total_volume,6,0.9517087654563828
full_features/ordinal_logistic,6,log_total_volume,7,0.8157877378859448
full_features/ordinal_logistic,6,log_total_volume,8,0.9725830112757631
full_features/ordinal_logistic,6,log_total_volume,9,0.5691372802972324
full_features/ordinal_logistic,6,periventricular_fraction,0,-0.016472737112704694
full_features/ordinal_logistic,6,periventricular_fraction,1,-0.006068509476224393
full_features/ordinal_logistic,6,periventricular_fraction,2,-0.011992844894288424
full_features/ordinal_logistic,6,periventricular_fraction,3,-0.022031325737520868
full_features/ordinal_logistic,6,periventricular_fraction,4,-0.026948767954139474
full_features/ordinal_logistic,6,periventricular_fraction,5,-0.006068509476224393
full_features/ordinal_logistic,6,periventricular_fraction,6,-0.016472737112704694
full_features/ordinal_logistic,6,periventricular_fraction,7,-0.011733243542507155
full_features/ordinal_logistic,6,periventricular_fraction,8,-0.011992844894288424
full_features/ordinal_logistic,6,periventricular_fraction,9,-0.02803940435590302
full_features/ordinal_logistic,6,abs_laterality_index,0,-0.0063512796228261115
full_features/ordinal_logistic,6,abs_laterality_index,1,0.00377017786705236
full_features/ordinal_logistic,6,abs_laterality_index,2,-0.0003089924257354548
full_features/ordinal_logistic,6,abs_laterality_index,3,0.00377017786705236
full_features/ordinal_logistic,6,abs_laterality_index,4,-0.006068509476224393
full_features/ordinal_logistic,6,abs_laterality_index,5,0.005881584571214793
full_features/ordinal_logistic,6,abs_laterality_index,6,-0.00195436405105609
full_features/ordinal_logistic,6,abs_laterality_index,7,-0.006068509476224393
full_features/ordinal_logistic,6,abs_laterality_index,8,-0.006068509476224393
full_features/ordinal_logistic,6,abs_laterality_index,9,-0.004488273707388801
full_features/ordinal_logistic,6,log_lesion_count,0,-0.017778083812788226
full_features/ordinal_logistic,6,log_lesion_count,1,-0.013375873253861248
full_features/ordinal_logistic,6,log_lesion_count,2,-0.0063512796228261115
full_features/ordinal_logistic,6,log_lesion_count,3,-0.010553144722132868
full_features/ordinal_logistic,6,log_lesion_count,4,-0.012506356287697473
full_features/ordinal_logistic,6,log_lesion_count,5,-0.013623544348149053
full_features/ordinal_logistic,6,log_lesion_count,6,-0.017778083812788226
full_features/ordinal_logistic,6,log_lesion_count,7,0.001727290515420754
full_features/ordinal_logistic,6,log_lesion_count,8,-0.007111910195712778
full_features/ordinal_logistic,6,log_lesion_count,9,0.006861406961790828
full_features/ordinal_logistic,6,small_lesion_fraction,0,0.014249810875959779
full_features/ordinal_logistic,6,small_lesion_fraction,1,0.022031201335885098
full_features/ordinal_logistic,6,small_lesion_fraction,2,-0.006834788738584674
full_features/ordinal_logistic,6,small_lesion_fraction,3,0.018493456709382072
full_features/ordinal_logistic,6,small_lesion_fraction,4,0.023838584959053
full_features/ordinal_logistic,6,small_lesion_fraction,5,0.013891635356930943
full_features/ordinal_logistic,6,small_lesion_fraction,6,0.01990022747994502
full_features/ordinal_logistic,6,small_lesion_fraction,7,0.007513350300341615
full_features/ordinal_logistic,6,small_lesion_fraction,8,0.018493456709382072
full_features/ordinal_logistic,6,small_lesion_fraction,9,-0.007585808540028327
full_features/ordinal_logistic,6,largest_lesion_share,0,0.009340842638199343
full_features/ordinal_logistic,6,largest_lesion_share,1,-0.006834788738584674
full_features/ordinal_logistic,6,largest_lesion_share,2,-0.009493776126798803
full_features/ordinal_logistic,6,largest_lesion_share,3,-0.011795565009254716
full_features/ordinal_logistic,6,largest_lesion_share,4,-0.01622766965231648
full_features/ordinal_logistic,6,largest_lesion_share,5,-0.02379217668939526
full_features/ordinal_logistic,6,largest_lesion_share,6,0.009340842638199343
full_features/ordinal_logistic,6,largest_lesion_share,7,0.001840691577755016
full_features/ordinal_logistic,6,largest_lesion_share,8,0.0032222008691927817
full_features/ordinal_logistic,6,largest_lesion_share,9,-0.010282776349614386
full_features/ordinal_logistic,7,log_total_volume,0,0.9969493123772104
full_features/ordinal_logistic,7,log_total_volume,1,1.1083283007040587
full_features/ordinal_logistic,7,log_total_volume,2,0.8537404375753086
full_features/ordinal_logistic,7,log_total_volume,3,0.9681493123772102
full_features/ordinal_logistic,7,log_total_volume,4,0.9940111492100361
full_features/ordinal_logistic,7,log_total_volume,5,0.6591585942531262
full_features/ordinal_logistic,7,log_total_volume,6,0.8806843857866719
full_features/ordinal_logistic,7,log_total_volume,7,0.7421049686322677
full_features/ordinal_logistic,7,log_total_volume,8,1.0362903561007644
full_features/ordinal_logistic,7,log_total_volume,9,0.8722921465415981
full_features/ordinal_logistic,7,periventricular_fraction,0,-0.0030090448984362306
full_features/ordinal_logistic,7,periventricular_fraction,1,-0.004434942450319057
full_features/ordinal_logistic,7,periventricular_fraction,2,0.0
full_features/ordinal_logistic,7,periventricular_fraction,3,-0.004218419940165918
full_features/ordinal_logistic,7,periventricular_fraction,4,0.001519744827763292
full_features/ordinal_logistic,7,periventricular_fraction,5,-0.008740467181908018
full_features/ordinal_logistic,7,periventricular_fraction,6,0.001519744827763292
full_features/ordinal_logistic,7,periventricular_fraction,7,0.0
full_features/ordinal_logistic,7,periventricular_fraction,8,0.001519744827763292
full_features/ordinal_logistic,7,periventricular_fraction,9,0.0
full_features/ordinal_logistic,7,abs_laterality_index,0,-0.00022915418070168503
full_features/ordinal_logistic,7,abs_laterality_index,1,-0.003840685955845302
full_features/ordinal_logistic,7,abs_laterality_index,2,0.00039972423882472796
full_features/ordinal_logistic,7,abs_laterality_index,3,-0.00928719555929769
full_features/ordinal_logistic,7,abs_laterality_index,4,-0.00928719555929769
full_features/ordinal_logistic,7,abs_laterality_index,5,-0.01365828340662778
full_features/ordinal_logistic,7,abs_laterality_index,6,-0.00928719555929769
full_features/ordinal_logistic,7,abs_laterality_index,7,-0.005795535228014792
full_features/ordinal_logistic,7,abs_laterality_index,8,-0.005017544952418795
full_features/ordinal_logistic,7,abs_laterality_index,9,-0.00928719555929769
full_features/ordinal_logistic,7,log_lesion_count,0,0.000868860999845511
full_features/ordinal_logistic,7,log_lesion_count,1,0.01594981113032745
full_features/ordinal_logistic,7,log_lesion_count,2,0.0
full_features/ordinal_logistic,7,log_lesion_count,3,-0.00928719555929769
full_features/ordinal_logistic,7,log_lesion_count,4,0.010554074281972081
full_features/ordinal_logistic,7,log_lesion_count,5,0.0034677929029355292
full_features/ordinal_logistic,7,log_lesion_count,6,-0.004218419940165918
full_features/ordinal_logistic,7,log_lesion_count,7,-0.004218419940165918
full_features/ordinal_logistic,7,log_lesion_count,8,0.00023081089840637503
full_features/ordinal_logistic,7,log_lesion_count,9,0.006418678279836998
full_features/ordinal_logistic,7,small_lesion_fraction,0,0.014312477985417349
full_features/ordinal_logistic,7,small_lesion_fraction,1,-0.002044031521363454
full_features/ordinal_logistic,7,small_lesion_fraction,2,-0.005017544952418795
full_features/ordinal_logistic,7,small_lesion_fraction,3,0.018540265527452582
full_features/ordinal_logistic,7,small_lesion_fraction,4,0.020169081734706107
full_features/ordinal_logistic,7,small_lesion_fraction,5,0.012814381854929446
full_features/ordinal_logistic,7,small_lesion_fraction,6,0.017795850904170574
full_features/ordinal_logistic,7,small_lesion_fraction,7,0.026495639966301776
full_features/ordinal_logistic,7,small_lesion_fraction,8,0.02186359809149596
full_features/ordinal_logistic,7,small_lesion_fraction,9,0.008847212215659317
full_features/ordinal_logistic,7,largest_lesion_share,0,0.008403647637325817
full_features/ordinal_logistic,7,largest_lesion_share,1,0.0036408759317658745
full_features/ordinal_logistic,7,largest_lesion_share,2,-0.011050687622789823
full_features/ordinal_logistic,7,largest_lesion_share,3,-0.0024140146549258557
full_features/ordinal_logistic,7,largest_lesion_share,4,0.017749312377210225
full_features/ordinal_logistic,7,largest_lesion_share,5,0.022397515539644308
full_features/ordinal_logistic,7,largest_lesion_share,6,0.00982318271119842
full_features/ordinal_logistic,7,largest_lesion_share,7,-0.011552747844659872
full_features/ordinal_logistic,7,largest_lesion_share,8,0.006792954449423738
full_features/ordinal_logistic,7,largest_lesion_share,9,0.007464684801932853
full_features/ordinal_logistic,8,log_total_volume,0,0.9995666768282547
full_features/ordinal_logistic,8,log_total_volume,1,1.1485771871334236
full_features/ordinal_logistic,8,log_total_volume,2,0.8604415037979048
full_features/ordinal_logistic,8,log_total_volume,3,1.0386862452813657
full_features/ordinal_logistic,8,log_total_volume,4,0.7785706383449496
full_features/ordinal_logistic,8,log_total_volume,5,0.9354997245527947
full_features/ordinal_logistic,8,log_total_volume,6,0.7283112349727057
full_features/ordinal_logistic,8,log_total_volume,7,1.0994612735774316
full_features/ordinal_logistic,8,log_total_volume,8,0.803372225646537
full_features/ordinal_logistic,8,log_total_volume,9,1.1508995243412616
full_features/ordinal_logistic,8,periventricular_fraction,0,0.020387605612818716
full_features/ordinal_logistic,8,periventricular_fraction,1,-0.00019920292489161717
full_features/ordinal_logistic,8,periventricular_fraction,2,0.010367565532658385
full_features/ordinal_logistic,8,periventricular_fraction,3,0.013452344803722815
full_features/ordinal_logistic,8,periventricular_fraction,4,0.017216739458917107
full_features/ordinal_logistic,8,periventricular_fraction,5,0.025841839016654045
full_features/ordinal_logistic,8,periventricular_fraction,6,-0.00019920292489161717
full_features/ordinal_logistic,8,periventricular_fraction,7,0.020943899897215235
full_features/ordinal_logistic,8,periventricular_fraction,8,0.010367565532658385
full_features/ordinal_logistic,8,periventricular_fraction,9,0.030721716677724276
full_features/ordinal_logistic,8,abs_laterality_index,0,0.0011126859801229294
full_features/ordinal_logistic,8,abs_laterality_index,1,0.009255689778523757
full_features/ordinal_logistic,8,abs_laterality_index,2,0.02221301489871852
full_features/ordinal_logistic,8,abs_laterality_index,3,0.004869572694240154
full_features/ordinal_logistic,8,abs_laterality_index,4,0.013347678745461944
full_features/ordinal_logistic,8,abs_laterality_index,5,0.02066472706994682
full_features/ordinal_logistic,8,abs_laterality_index,6,0.023308089189270742
full_features/ordinal_logistic,8,abs_laterality_index,7,0.009087992634406072
full_features/ordinal_logistic,8,abs_laterality_index,8,0.017688572908804545
full_features/ordinal_logistic,8,abs_laterality_index,9,0.014808283974677372
full_features/ordinal_logistic,8,log_lesion_count,0,0.0214310063323071
full_features/ordinal_logistic,8,log_lesion_count,1,0.0110267786958268
full_features/ordinal_logistic,8,log_lesion_count,2,0.0094877168732308
full_features/ordinal_logistic,8,log_lesion_count,3,0.004869572694240154
full_features/ordinal_logistic,8,log_lesion_count,4,0.01595628127024573
full_features/ordinal_logistic,8,log_lesion_count,5,0.005468190071010626
full_features/ordinal_logistic,8,log_lesion_count,6,0.023011242101142693
full_features/ordinal_logistic,8,log_lesion_count,7,-0.00019920292489161717
full_features/ordinal_logistic,8,log_lesion_count,8,0.004653050184087015
full_features/ordinal_logistic,8,log_lesion_count,9,0.0266622413983848
full_features/ordinal_logistic,8,small_lesion_fraction,0,0.02221301489871852
full_features/ordinal_logistic,8,small_lesion_fraction,1,0.021148236185705382
full_features/ordinal_logistic,8,small_lesion_fraction,2,0.020112512998305188
full_features/ordinal_logistic,8,small_lesion_fraction,3,0.01576627226602434
full_features/ordinal_logistic,8,small_lesion_fraction,4,0.021637984128764054
full_features/ordinal_logistic,8,small_lesion_fraction,5,0.021148236185705382
full_features/ordinal_logistic,8,small_lesion_fraction,6,0.001841078596521939
full_features/ordinal_logistic,8,small_lesion_fraction,7,0.022002914018781072
full_features/ordinal_logistic,8,small_lesion_fraction,8,0.01917749561299653
full_features/ordinal_logistic,8,small_lesion_fraction,9,0.030721716677724276
full_features/ordinal_logistic,8,largest_lesion_share,0,-0.014050226794999454
full_features/ordinal_logistic,8,largest_lesion_share,1,-0.0010692358279541514
full_features/ordinal_logistic,8,largest_lesion_share,2,0.014555674379498784
full_features/ordinal_logistic,8,largest_lesion_share,3,0.01944574828338408
full_features/ordinal_logistic,8,largest_lesion_share,4,0.009956853634251583
full_features/ordinal_logistic,8,largest_lesion_share,5,0.027499515808531494
full_features/ordinal_logistic,8,largest_lesion_share,6,-0.00019920292489161717
full_features/ordinal_logistic,8,largest_lesion_share,7,0.030407645692979046
full_features/ordinal_logistic,8,largest_lesion_share,8,0.018911175345604492
full_features/ordinal_logistic,8,largest_lesion_share,9,0.013209468792163337
full_features/ordinal_logistic,9,log_total_volume,0,1.0875921708004639
full_features/ordinal_logistic,9,log_total_volume,1,1.0320987680856786
full_features/ordinal_logistic,9,log_total_volume,2,0.8109641124675925
full_features/ordinal_logistic,9,log_total_volume,3,1.034127043155408
full_features/ordinal_logistic,9,log_total_volume,4,1.0083600274270736
full_features/ordinal_logistic,9,log_total_volume,5,0.7058467996104899
full_features/ordinal_logistic,9,log_total_volume,6,0.8378852473113687
full_features/ordinal_logistic,9,log_total_volume,7,0.8874951918254057
full_features/ordinal_logistic,9,log_total_volume,8,0.4337093614343285
full_features/ordinal_logistic,9,log_total_volume,9,1.1809553079538464
full_features/ordinal_logistic,9,periventricular_fraction,0,-0.010244152296397524
full_features/ordinal_logistic,9,periventricular_fraction,1,-0.004556399228271557
full_features/ordinal_logistic,9,periventricular_fraction,2,0.005813459050332037
full_features/ordinal_logistic,9,periventricular_fraction,3,-0.004556399228271557
full_features/ordinal_logistic,9,periventricular_fraction,4,0.005813459050332037
full_features/ordinal_logistic,9,periventricular_fraction,5,0.0012726768382226306
full_features/ordinal_logistic,9,periventricular_fraction,6,0.00019312026608453436
full_features/ordinal_logistic,9,periventricular_fraction,7,0.0
full_features/ordinal_logistic,9,periventricular_fraction,8,-0.004556399228271557
full_features/ordinal_logistic,9,periventricular_fraction,9,0.0
full_features/ordinal_logistic,9,abs_laterality_index,0,0.005016457331918578
full_features/ordinal_logistic,9,abs_laterality_index,1,0.0005301441588613232
full_features/ordinal_logistic,9,abs_laterality_index,2,-0.0061305811212659655
full_features/ordinal_logistic,9,abs_laterality_index,3,0.004447254712344528
full_features/ordinal_logistic,9,abs_laterality_index,4,-0.0012124267595337024
full_features/ordinal_logistic,9,abs_laterality_index,5,0.005016457331918578
full_features/ordinal_logistic,9,abs_laterality_index,6,0.01001414241323284
full_features/ordinal_logistic,9,abs_laterality_index,7,-0.011066838109057842
full_features/ordinal_logistic,9,abs_laterality_index,8,-0.011610264700340212
full_features/ordinal_logistic,9,abs_laterality_index,9,0.005228092435220932
full_features/ordinal_logistic,9,log_lesion_count,0,0.004447254712344528
full_features/ordinal_logistic,9,log_lesion_count,1,0.01088032528703109
full_features/ordinal_logistic,9,log_lesion_count,2,0.005228092435220932
full_features/ordinal_logistic,9,log_lesion_count,3,0.005813459050332037
full_features/ordinal_logistic,9,log_lesion_count,4,-0.0007072070115378137
full_features/ordinal_logistic,9,log_lesion_count,5,-0.005674202777533943
full_features/ordinal_logistic,9,log_lesion_count,6,0.015491520420167881
full_features/ordinal_logistic,9,log_lesion_count,7,0.005813459050332037
full_features/ordinal_logistic,9,log_lesion_count,8,0.00465461948651924
full_features/ordinal_logistic,9,log_lesion_count,9,0.00486353491502145
full_features/ordinal_logistic,9,small_lesion_fraction,0,0.024972939838703412
full_features/ordinal_logistic,9,small_lesion_fraction,1,0.03750575208794993
full_features/ordinal_logistic,9,small_lesion_fraction,2,0.014813779662611326
full_features/ordinal_logistic,9,small_lesion_fraction,3,0.0369230338861426
full_features/ordinal_logistic,9,small_lesion_fraction,4,0.026850022695667053
full_features/ordinal_logistic,9,small_lesion_fraction,5,0.03020417490478111
full_features/ordinal_logistic,9,small_lesion_fraction,6,0.031041449314927805
full_features/ordinal_logistic,9,small_lesion_fraction,7,0.020488304592794937
full_features/ordinal_logistic,9,small_lesion_fraction,8,0.025179917635160365
full_features/ordinal_logistic,9,small_lesion_fraction,9,0.042545517385871645
full_features/ordinal_logistic,9,largest_lesion_share,0,0.012797623284920068
full_features/ordinal_logistic,9,largest_lesion_share,1,0.0024203308457109163
full_features/ordinal_logistic,9,largest_lesion_share,2,0.00740161272416795
full_features/ordinal_logistic,9,largest_lesion_share,3,0.013909499039054696
full_features/ordinal_logistic,9,largest_lesion_share,4,0.011784085044668546
full_features/ordinal_logistic,9,largest_lesion_share,5,0.00740161272416795
full_features/ordinal_logistic,9,largest_lesion_share,6,0.004241423391962207
full_features/ordinal_logistic,9,largest_lesion_share,7,0.01456871220222311
full_features/ordinal_logistic,9,largest_lesion_share,8,0.006834390912787591
full_features/ordinal_logistic,9,largest_lesion_share,9,0.007041093187052927
