experiment,candidate,balanced_accuracy_mean_3class,balanced_accuracy_mean_4class,mean_absolute_class_error_mean_3class,mean_absolute_class_error_mean_4class,qwk_mean_3class,qwk_mean_4class
baseline,majority_class,0.3333333333333333,0.25,0.9833333333333332,1.3166666666666669,0.0,0.0
baseline,threshold_rule,0.7753276353276352,0.7404166666666667,0.1333333333333333,0.2166666666666667,0.9230522603398528,0.9309000708717224
full_features,multinomial_logistic,0.8081709401709402,0.7029166666666666,0.125,0.22,0.9264918798483472,0.9294831406652418
full_features,ordinal_logistic,0.8078746438746439,0.7222777777777779,0.1283333333333333,0.2033333333333333,0.9244971323182204,0.9379186844080154
full_features,random_forest,0.7512934472934473,0.6675000000000001,0.1816666666666666,0.2633333333333333,0.890659015737062,0.9168455336329028
full_features,regression_then_threshold,0.8160569800569801,0.7449305555555555,0.1116666666666666,0.205,0.9350597127522076,0.936504424084228
volume_only,multinomial_logistic,0.747031339031339,0.6433194444444444,0.145,0.2283333333333333,0.9170984592610832,0.9350139584155842
volume_only,ordinal_logistic,0.7967236467236468,0.7060277777777777,0.1366666666666666,0.2033333333333333,0.9194175079067348,0.9398803854952328
volume_only,random_forest,0.7887293447293448,0.6947916666666667,0.1883333333333333,0.2816666666666666,0.8819543614426,0.9083192386212228
volume_only,regression_then_threshold,0.7606096866096866,0.7241249999999999,0.1516666666666666,0.2216666666666666,0.9114472701261146,0.9309375449944992
