subject_key,site,held_out,reference_volume_ml,insample_pred_volume_ml,class4,class3,ref_log_total_volume,ref_periventricular_fraction,ref_abs_laterality_index,ref_log_lesion_count,ref_small_lesion_fraction,ref_largest_lesion_share
training_Amsterdam_GE3T_101,Amsterdam,False,3.11144769598832,2.3133701513675877,0,0,1.413775203953835,0.96045197740113,0.2203389830508474,3.258096538021482,0.44,0.24519774011299436
training_Amsterdam_GE3T_102,Amsterdam,False,4.355663711930529,2.9318995445924623,1,0,1.6781546386901656,0.4358353510895884,0.0653753026634382,4.7535901911063645,0.5304347826086957,0.09523809523809523
training_Amsterdam_GE3T_104,Amsterdam,False,29.300344743917133,28.646413363743317,3,2,3.411159090137632,0.4820014398848092,0.1415886729061675,4.430816798843313,0.4578313253012048,0.23134149268058554
training_Amsterdam_GE3T_105,Amsterdam,False,11.433251872716404,11.355905150330251,2,1,2.5203744861679507,0.924661746617466,0.1205412054120541,3.8066624897703196,0.5227272727272727,0.3849938499384994
training_Amsterdam_GE3T_106,Amsterdam,False,3.027069453385247,2.552441838742961,0,0,1.393038928650128,0.9814169570267132,0.0220673635307781,2.833213344056216,0.25,0.38675958188153303
training_Amsterdam_GE3T_109,Amsterdam,False,1.926636539436836,1.2234845177445597,0,0,1.0738538248838483,0.5401459854014599,0.1240875912408759,3.9318256327243257,0.64,0.17518248175182471
training_Amsterdam_GE3T_110,Amsterdam,False,3.2239520194590843,2.784482005901412,0,0,1.4407711873098732,0.8320610687022901,0.2933478735005452,3.784189633918261,0.5348837209302325,0.2682660850599782
training_Amsterdam_GE3T_112,Amsterdam,False,5.758815057659739,5.396691766488217,1,0,1.9108475873618125,0.6953601953601953,0.0268620268620268,4.343805421853684,0.4605263157894737,0.23321123321123324
training_Amsterdam_GE3T_113,Amsterdam,False,22.669621179358973,23.32003679942433,3,2,3.1641924191459845,0.7180521091811415,0.0183002481389578,4.418840607796598,0.5609756097560976,0.45099255583126546
training_Amsterdam_GE3T_114,Amsterdam,False,16.865101240289235,16.998700124410767,2,1,2.8828491584220495,0.2553679382947675,0.0206378986866791,4.3694478524670215,0.3076923076923077,0.24431936627058576
training_Amsterdam_GE3T_115,Amsterdam,False,3.3294248227129257,3.4595079467259966,0,0,1.4654346977898234,0.7539598732840549,0.1425554382259767,3.58351893845611,0.5714285714285714,0.3864836325237593
training_Amsterdam_GE3T_116,Amsterdam,False,2.1551609464868253,2.306338631150665,0,0,1.1490395078415985,0.7911908646003263,0.1288743882544861,3.58351893845611,0.6,0.3083197389885807
training_Amsterdam_GE3T_126,Amsterdam,False,16.615482272588476,16.991668604193844,2,1,2.8687781899360703,0.8603470165044435,0.2217520101565806,3.8712010109078907,0.3829787234042553,0.44181125687685147
training_Amsterdam_GE3T_132,Amsterdam,False,43.528625902860334,43.964580156309545,3,2,3.796132261073092,0.8820773766254745,0.047895969630886,3.912023005428146,0.5714285714285714,0.49705193441563694
training_Amsterdam_GE3T_137,Amsterdam,False,8.97221979679344,8.831589392454983,1,0,2.299803206813654,0.3655956112852664,0.1496865203761755,5.030437921392435,0.4407894736842105,0.13636363636363635
training_Amsterdam_GE3T_144,Amsterdam,False,2.221960388547591,1.9547626203045263,0,0,1.1699899906219757,0.4541139240506329,0.2056962025316455,4.418840607796598,0.6829268292682927,0.10759493670886075
training_Singapore_Singapore_50,Singapore,False,25.68302041101456,25.02601988887787,3,2,3.284027423448431,0.7243312697114823,0.1005723630417007,4.2626798770413155,0.5571428571428572,0.4994743604719075
training_Singapore_Singapore_51,Singapore,False,26.598,25.623,3,2,3.317743306329363,0.8675840288743515,0.0178208887886307,4.356708826689592,0.4025974025974026,0.7032483645386871
training_Singapore_Singapore_52,Singapore,False,4.943999607086182,4.853999614238739,1,0,1.782382241312862,0.6668689320388349,0.1856796116504854,3.9318256327243257,0.56,0.38349514563106796
training_Singapore_Singapore_53,Singapore,False,1.143,0.891,0,0,0.76220671649144,0.3884514435695538,0.0866141732283464,3.8501476017100584,0.5869565217391305,0.12598425196850394
training_Singapore_Singapore_54,Singapore,False,0.786,0.699,0,0,0.5799784824543073,0.732824427480916,0.1603053435114503,2.9444389791664403,0.5,0.24427480916030533
training_Singapore_Singapore_55,Singapore,False,2.895,3.354,0,0,1.3596936793227117,0.9575129533678756,0.127461139896373,3.5263605246161616,0.6363636363636364,0.27253886010362693
training_Singapore_Singapore_57,Singapore,False,15.566990412056963,15.479990465641537,2,1,2.807412186218801,0.7804972056272885,0.0553093081518597,3.713572066704308,0.525,0.4706109076893428
training_Singapore_Singapore_58,Singapore,False,1.6289990937709808,1.5959991121292114,0,0,0.9666032010428467,0.7016574585635359,0.3848987108655617,3.1354942159291497,0.45454545454545453,0.47697974217311234
training_Singapore_Singapore_59,Singapore,False,17.59200699043274,17.901007113218306,3,2,2.922731756660864,0.828956343792633,0.0869713506139154,4.1588830833596715,0.6984126984126984,0.5069918144611186
training_Singapore_Singapore_60,Singapore,False,21.363001697778703,21.228001687049865,3,2,3.1074078833636714,0.9219210785002108,0.050695127088892,3.6375861597263857,0.40540540540540543,0.48560595421991287
training_Singapore_Singapore_61,Singapore,False,14.550002601742538,13.392002394676018,2,1,2.7440608059398617,0.7517525773195877,0.08,3.713572066704308,0.65,0.5041237113402062
training_Singapore_Singapore_62,Singapore,False,61.33207920622331,59.77807719933505,3,2,4.132476208297816,0.74354333789865,0.0416748190178047,4.418840607796598,0.47560975609756095,0.5004402269614557
training_Singapore_Singapore_64,Singapore,False,16.29600129508972,16.629001321554185,2,1,2.85047533577484,0.9269145802650958,0.1019882179675994,3.7612001156935624,0.5952380952380952,0.5346097201767305
training_Singapore_Singapore_65,Singapore,False,18.09900143837929,25.470002024173738,3,2,2.9496360529727736,0.8728659041936019,0.0034808552958727,4.418840607796598,0.5365853658536586,0.45532902370296696
training_Singapore_Singapore_66,Singapore,False,11.958,11.208,2,1,2.5617133580277653,0.7779729051680883,0.2007024586051179,4.394449154672439,0.45,0.3241344706472654
training_Singapore_Singapore_68,Singapore,False,36.72003866672272,38.4870405274008,3,2,3.6301914828634247,0.5890522875816994,0.4616013071895425,3.713572066704308,0.55,0.7187091503267974
training_Utrecht_Utrecht_0,Utrecht,False,24.185211980976412,27.009299732229643,3,2,3.2262569961157914,0.9559125085440876,0.252904989747095,4.394449154672439,0.45,0.5217589428115744
training_Utrecht_Utrecht_11,Utrecht,False,2.46315732239182,3.444011916095945,0,0,1.2421806938980178,0.6923937360178971,0.0536912751677852,4.060443010546419,0.43859649122807015,0.24161073825503357
training_Utrecht_Utrecht_17,Utrecht,False,3.5046257507998644,2.724901625425366,1,0,1.5051048134251803,0.9528301886792452,0.1179245283018868,3.5553480614894135,0.4117647058823529,0.23899371069182387
training_Utrecht_Utrecht_2,Utrecht,False,32.674021495794335,30.75364094241136,3,2,3.516726664585298,0.6562104730584366,0.0076734969221688,4.948759890378168,0.45,0.3858672738004891
training_Utrecht_Utrecht_21,Utrecht,False,24.854758593611887,25.21293602595526,3,2,3.2524946688721603,0.8439197428223035,0.0238332779071056,4.7535901911063645,0.41739130434782606,0.43143775634630305
training_Utrecht_Utrecht_23,Utrecht,False,0.9147283701697276,1.3583165255833607,0,0,0.6495757693184977,0.822289156626506,0.1927710843373494,3.091042453358316,0.5714285714285714,0.2951807228915662
training_Utrecht_Utrecht_25,Utrecht,False,24.08878545951348,24.17695212252439,3,2,3.222420951853667,0.8963742422509436,0.1977582065652522,3.6635616461296463,0.42105263157894735,0.5890426627015896
training_Utrecht_Utrecht_29,Utrecht,False,44.30926562219003,44.733567755371055,3,2,3.813511550694907,0.8594702151473698,0.0345728143265762,4.406719247264253,0.5061728395061729,0.9335281681382913
training_Utrecht_Utrecht_31,Utrecht,False,67.96823155675831,69.1529710909675,3,2,4.233645986354115,0.6230897077303499,0.0710608455956869,4.653960350157523,0.40384615384615385,0.5061413109570716
training_Utrecht_Utrecht_35,Utrecht,False,2.8323527475878154,2.8323527475878154,0,0,1.3434789090003292,0.7149805447470817,0.0019455252918287,3.828641396489095,0.5333333333333333,0.29377431906614787
training_Utrecht_Utrecht_37,Utrecht,False,74.99138842215429,74.27227781967864,3,2,4.33062002363143,0.4412888529649497,0.0941288852964949,4.9344739331306915,0.4782608695652174,0.494268498787567
training_Utrecht_Utrecht_39,Utrecht,False,45.73925447522224,44.10265926057963,3,2,3.8445843785175677,0.8329016324317812,0.1117402566110475,4.709530201312334,0.5272727272727272,0.5303294982229986
training_Utrecht_Utrecht_4,Utrecht,False,31.106291442526707,31.41762987769106,3,2,3.469052006025731,0.7461470327723649,0.0212577502214348,4.143134726391533,0.46774193548387094,0.4806023029229407
training_Utrecht_Utrecht_41,Utrecht,False,32.95783476702646,31.952182728072724,3,2,3.5251196010779435,0.7418491890988129,0.0611937803042969,4.330733340286331,0.52,0.5060190603577998
training_Utrecht_Utrecht_49,Utrecht,False,26.571227605851096,25.05035269518853,3,2,3.316772750916053,0.5209456656988801,0.0508087930319369,4.736198448394496,0.4690265486725664,0.4485690584819576
training_Utrecht_Utrecht_8,Utrecht,False,1.5043445245052036,1.1626985152769158,0,0,0.9180270334318907,0.6025641025641025,0.2014652014652014,4.0943445622221,0.5254237288135594,0.11721611721611716
training_Amsterdam_GE3T_100,Amsterdam,True,6.2721160334951005,4.7427603863144,1,0,1.9840473129490754,0.4927130044843049,0.0650224215246636,4.605170185988092,0.5151515151515151,0.13621076233183854
training_Amsterdam_GE3T_103,Amsterdam,True,22.71532606076897,20.855488963392897,3,2,3.1661215083713947,0.7393592323169788,0.0549450549450549,4.442651256490317,0.6071428571428571,0.46958675127689203
training_Amsterdam_GE3T_107,Amsterdam,True,6.240474192518947,6.479545879894321,1,0,1.9796867004571168,0.8208450704225352,0.0580281690140845,3.58351893845611,0.4857142857142857,0.3808450704225352
training_Amsterdam_GE3T_108,Amsterdam,True,1.5223047696122645,1.2551103989643844,0,0,0.9251730746556919,0.789838337182448,0.0808314087759815,2.995732273553991,0.3684210526315789,0.36720554272517325
training_Singapore_Singapore_56,Singapore,True,16.385993488788603,17.504993044137954,2,1,2.855664910147922,0.891248626876602,0.0574880995972171,3.4965075614664802,0.46875,0.5042109117539363
training_Singapore_Singapore_63,Singapore,True,35.889002852201465,35.034002784252166,3,2,3.607913480942404,0.9506812672406588,0.0423806737440441,3.295836866004329,0.5769230769230769,0.5104906795954192
training_Singapore_Singapore_67,Singapore,True,35.244002800941466,26.595002113580705,3,2,3.590273927639953,0.6950119169220292,0.2740892066734763,3.6375861597263857,0.4594594594594595,0.6295539666326183
training_Singapore_Singapore_69,Singapore,True,17.583,16.818,3,2,2.9222471842915136,0.8513905476881078,0.034294488995052,4.174387269895637,0.515625,0.47858727179662175
training_Utrecht_Utrecht_19,Utrecht,True,11.891493794394242,23.28153905528993,2,1,2.5565676980872185,0.852873030583874,0.1543095458758109,4.356708826689592,0.4935064935064935,0.427710843373494
training_Utrecht_Utrecht_27,Utrecht,True,0.845847982152508,1.887315530209993,0,0,0.6129387828265108,0.9641693811074918,0.2442996742671009,2.9444389791664403,0.4444444444444444,0.25407166123778496
training_Utrecht_Utrecht_33,Utrecht,True,3.9454584832952966,4.091484530512232,1,0,1.5984696773177731,0.7318435754189944,0.2835195530726257,4.110873864173311,0.43333333333333335,0.3645251396648045
training_Utrecht_Utrecht_6,Utrecht,True,1.7743541237496552,1.1296353893437248,0,0,1.02041797191001,0.8493788819875776,0.4099378881987577,3.1780538303479458,0.34782608695652173,0.35403726708074534
